Orthogroup,ID,idv_id,DRR,species_x,Genus,Family,MaSp1,MaSp2,MaSp2B,MaSp3,MaSp3B,Spidroin,sp.,genus,species_y,ncbi_tax_id,wsc_lsid,type_of_web,sex,sampled_at,country,size,toughness,toughness_sd,young's_modulus,young's_modulus_sd,tensile_strength,tensile_strength_sd,strain_at_break,strain_at_break_sd,one_percent_weightloss,five_percent_weightloss,ten_percent_weightloss,crystallinity,birefringence,birefringence_sd,diameter,diameter_sd,water_content,supercontraction,supercontraction_sd,Cluster
Group,,,,,,,,,,,,,,,,,,,,,,,,,,,,,,,,,,,,,,,,,,
geneName,,,,,,,,,,,,,,,,,,,,,,,,,,,,,,,,,,,,,,,,,,
product,,,,,,,,,,,,,,,,,,,,,,,,,,,,,,,,,,,,,,,,,,
,,,,,,,,,,,,,,,,,,,,,,,,,,,,,,,,,,,,,,,,,,
1,1345-W1_S7,1345.0,DRR296993,sia,Yaginumia,Araneidae,16.953292022954177,14.133827003874291,7.721099188707185,6.85789327411486,6.5467809994194175,12.73987810623783,12.275560904261395,Yaginumia,sia,1112568.0,urn:lsid:nmbe.ch:spidersp:017156,Unknown,Female,2015-06-15,Japan,8.0,0.116,0.041,8.79,3.9,0.96,0.23,19.7,3.5,,,,15.0,65.0,10.3,1.19,0.08,,,,0.0
3,1793-W1_S4,1793.0,DRR297051,akirai,Cyrtarachne,Araneidae,18.42088534162368,18.00243185311558,8.539158811108031,8.146670061219924,7.509315999096762,14.093827024663698,13.822414861242796,Cyrtarachne,akirai,1463313.0,urn:lsid:nmbe.ch:spidersp:046730,Unknown,Female,2015-07-21,Japan,8.0,0.104,0.027,12.1,2.8,0.94,0.09,17.3,4.5,233.0,277.0,295.0,16.0,31.9,14.8,3.21,0.89,5.7,,,0.0
4,1894-W1_S12,1894.0,DRR296495,ishisawai,Araneus,Araneidae,15.28622366763066,16.95139655805932,10.220934897446725,12.675248278235465,6.459431618637297,10.918290628579848,14.197791362732668,Araneus,ishisawai,1112384.0,urn:lsid:nmbe.ch:spidersp:014949,Unknown,Female,2015-08-26,Japan,15.0,0.05,0.018,9.6,2.56,0.63,0.12,12.1,2.7,226.0,288.0,303.0,20.0,41.8,5.2,2.3,0.21,5.8,47.8,4.8,0.0
5,1974-W1_S8,1974.0,DRR297664,marmoreus,Araneus,Araneidae,15.007929958937416,16.132155993235898,10.4561092367484,12.890342639073667,6.5948306715527005,12.85418313510608,13.338418096834284,Araneus,marmoreus,336584.0,urn:lsid:nmbe.ch:spidersp:015005,Unknown,Female,2015-08-28,Japan,21.0,0.023,0.011,6.99,1.2,0.5,0.17,8.1,1.4,243.0,285.0,304.0,21.0,48.4,15.1,2.07,0.43,5.8,,,0.0
7,2057-W1_S19,2057.0,DRR297669,multipuncta,Herennia,Araneidae,18.57918572094761,18.057554122127232,7.80111318305758,15.971454827587976,15.97127517459975,8.67885085524386,12.830110596992196,Herennia,multipuncta,941795.0,urn:lsid:nmbe.ch:spidersp:039408,Unknown,Female,2015-09-07,Malaysia,,0.117,0.059,12.1,3.9,1.27,0.47,15.4,4.3,214.0,271.0,296.0,20.0,50.8,15.0,2.14,0.36,4.9,40.7,1.7,3.0
8,2059-W1_S13,2059.0,DRR297832,dehaani,Parawixia,Araneidae,16.851879191868896,16.996066717511596,8.46054169776413,12.01017840402054,6.727920454563199,12.750452104370671,14.778856723730232,Parawixia,dehaani,2337571.0,urn:lsid:nmbe.ch:spidersp:016893,Unknown,Unknown,2015-09-07,Malaysia,,0.09,0.055,8.0,3.8,0.94,0.44,18.3,5.8,228.0,279.0,309.0,18.0,38.0,15.5,3.33,0.63,9.0,50.4,7.9,0.0
9,2156-W1_S9,2156.0,DRR297651,malabarensis,Nephilengys,Araneidae,19.440509681319696,17.086510471873904,7.066089190457772,15.678618724948072,15.677070059097506,11.490676574335774,13.35524837069323,Nephilengys,malabarensis,593433.0,urn:lsid:nmbe.ch:spidersp:013993,Unknown,Unknown,2015-09-08,Malaysia,,0.109,0.025,12.3,3.3,1.12,0.11,17.6,4.7,219.0,287.0,309.0,23.0,49.5,22.8,1.57,0.32,2.9,23.9,7.5,3.0
10,2158-W1_S10,2158.0,DRR297122,-,Argiope,Araneidae,14.679418246418388,15.045349958063875,6.965784284662087,5.169925001442312,5.129283016944966,11.257712964690237,19.253065821951555,Argiope,sp. (OTU1080),2337307.0,,Unknown,Female,2015-09-08,Malaysia,,0.082,0.025,9.51,2.11,1.02,0.15,16.3,3.2,222.0,275.0,296.0,30.0,37.1,1.5,4.26,0.07,8.1,60.4,3.1,0.0
11,2174-W1_S20,2174.0,DRR296744,moluccensis,Cyrtophora,Araneidae,20.140165844282624,19.219364767649832,12.465636359538731,6.794415866350106,6.409390936137702,10.32170447109666,17.198757501048743,Cyrtophora,moluccensis,299645.0,urn:lsid:nmbe.ch:spidersp:015827,Unknown,Female,2015-09-08,Malaysia,,0.1,0.063,10.9,1.3,0.66,0.15,21.8,9.7,243.0,290.0,311.0,17.0,40.2,6.4,2.18,0.15,7.1,12.3,3.4,0.0
12,2214-W1_S13,2214.0,DRR296943,nautica,Neoscona,Araneidae,14.822874267021902,19.16068898544064,8.224001674198105,14.138366489128256,6.189824558880018,13.72728940970005,14.136256499194989,Neoscona,nautica,258338.0,urn:lsid:nmbe.ch:spidersp:016729,Unknown,Female,2015-09-13,Japan,11.0,0.203,0.032,9.4,2.73,1.34,0.17,29.2,2.1,205.0,261.0,289.0,28.0,41.3,5.6,1.18,0.04,5.2,,,5.0
13,2566-W1_S4,2566.0,DRR297813,theisi,Neoscona,Araneidae,15.347833695724916,16.24427908608458,7.169925001442312,13.154792483270231,5.930737337562887,14.9875252374004,14.60213981182111,Neoscona,theisi,1112448.0,urn:lsid:nmbe.ch:spidersp:016763,Unknown,Female,2015-10-14,Japan,7.0,0.076,0.073,6.68,1.2,0.76,0.25,16.0,3.7,197.0,263.0,298.0,18.0,36.8,5.8,1.19,0.06,5.1,,,0.0
15,2658-W1_S21,2658.0,DRR297180,columnaris,Poltys,Araneidae,16.49256928700602,18.387091852213445,9.083630902073825,8.019856837962774,7.672425341971495,13.139416621673892,16.57341848685647,Poltys,columnaris,2337615.0,urn:lsid:nmbe.ch:spidersp:016947,Unknown,Female,2015-10-20,Japan,6.0,0.292,0.02,19.1,5.6,2.4,0.05,20.9,1.1,247.0,292.0,314.0,27.0,58.8,6.4,3.6,0.13,7.8,41.9,10.1,5.0
16,2664-W1_S15,2664.0,DRR297356,ikomosanensis,Cyrtophora,Araneidae,19.22126018309456,18.782839147060383,8.447687502053281,6.672425341971495,6.426264754702098,11.181304954712088,16.358754644452866,Cyrtophora,ikomosanensis,891969.0,urn:lsid:nmbe.ch:spidersp:043614,Unknown,Female,2015-10-21,Japan,19.0,0.198,0.043,16.6,5.3,1.18,0.27,25.0,4.0,259.0,291.0,307.0,15.0,28.4,3.9,2.07,0.16,3.6,10.6,1.2,0.0
20,30-W22_S17,30.0,DRR296742,brevispina,Thelacantha,Araneidae,11.22485488393184,13.240630319593905,12.52783256555479,6.409391004029232,6.35755207499345,7.857231705331634,11.400995953534691,Thelacantha,brevispina,1508453.0,urn:lsid:nmbe.ch:spidersp:017085,Unknown,Female,2014-12-08,Japan,,0.09,0.013,3.15,0.7,0.52,0.08,36.1,7.5,,,,,18.7,2.8,4.63,0.48,,,,4.0
21,316-W1_S6,316.0,DRR296524,pinguis,Araneus,Araneidae,14.409919178252911,16.53445301402352,7.221302517368585,12.784237219619628,6.169925001442312,14.559504898900489,13.52300121784162,Araneus,pinguis,2337295.0,urn:lsid:nmbe.ch:spidersp:015114,Unknown,Female,2014-10-09,Japan,,0.121,0.036,4.2,0.7,0.99,0.47,53.2,3.7,227.0,286.0,306.0,23.0,38.1,11.3,2.54,0.25,7.7,,,0.0
22,324-W1_S3,324.0,DRR296820,yaginumai,Araniella,Araneidae,16.872978622151134,15.62010383713046,6.984868472728633,14.6049620019352,6.190660091861382,11.980054516962726,14.656801183617606,Araniella,yaginumai,1112389.0,urn:lsid:nmbe.ch:spidersp:038307,Unknown,Unknown,2014-10-09,Japan,,0.161,0.078,11.6,3.8,1.2,0.49,24.5,3.6,,,,,51.5,12.7,1.2,0.08,,,,5.0
23,327-W1_S13,327.0,DRR297052,mellotteei,Neoscona,Araneidae,15.789062351491948,16.62744605792106,6.442943495848728,13.192839896442836,5.634268567445277,10.913983146129905,14.925490427922874,Neoscona,mellotteei,1968900.0,urn:lsid:nmbe.ch:spidersp:016721,Unknown,Unknown,2014-10-09,Japan,,0.134,0.06,5.21,2.1,0.87,0.25,27.4,11.2,,,,,41.5,6.8,1.23,0.06,,,,5.0
24,329-W1_S5,329.0,DRR296490,sia,Yaginumia,Araneidae,9.290345849284956,6.942032537767712,4.392317422778761,4.523561976619369,4.459431640134306,7.475733430966398,6.992062078140899,Yaginumia,sia,1112568.0,urn:lsid:nmbe.ch:spidersp:017156,Unknown,Unknown,2014-10-09,Japan,,0.086,0.013,5.48,1.2,0.65,0.14,22.5,5.0,216.0,278.0,301.0,31.0,41.7,13.1,1.91,0.21,4.1,,,4.0
25,329-W2_S6,329.0,DRR296798,sia,Yaginumia,Araneidae,14.906668743436793,13.5212289812242,4.807354922057604,4.392326353720417,3.906890595608519,9.80310707018612,9.284277247831149,Yaginumia,sia,1112568.0,urn:lsid:nmbe.ch:spidersp:017156,Unknown,Unknown,2014-10-09,Japan,,0.086,0.013,5.48,1.2,0.65,0.14,22.5,5.0,216.0,278.0,301.0,31.0,41.7,13.1,1.91,0.21,4.1,,,0.0
26,3306-W1_S13,3306.0,DRR296560,exanthematica,Cyrtophora,Araneidae,20.11649201793892,20.024947929083535,8.150046543255552,7.807354922057604,6.569855608330948,8.562829316612785,16.36615312788532,Cyrtophora,exanthematica,1538126.0,urn:lsid:nmbe.ch:spidersp:015813,Unknown,Female,2016-04-15,Japan,10.0,0.074,0.04,7.1,2.82,0.81,0.29,17.0,3.2,261.0,297.0,314.0,20.0,42.1,4.1,3.19,0.19,4.8,11.2,6.4,0.0
27,3366-W1_S6,3366.0,DRR297406,octotuberculata,Cyclosa,Araneidae,12.579305253956408,16.876686514900502,11.921557070054815,16.98780835839929,5.459431618637297,13.257451382735956,14.85561685020833,Cyclosa,octotuberculata,1112407.0,urn:lsid:nmbe.ch:spidersp:015669,Unknown,Female,2016-05-12,Japan,9.0,0.165,0.045,8.85,1.35,1.34,0.17,19.4,3.1,213.0,253.0,295.0,,42.7,13.0,0.97,0.12,5.9,,,0.0
32,3469-W1_S8,3469.0,DRR296564,acusisetus,Araneus,Araneidae,18.97207156596258,17.567453060619933,8.625708843064466,16.286083366961563,7.167217419116357,15.738616927794515,15.951887190756626,Araneus,acusisetus,1112381.0,urn:lsid:nmbe.ch:spidersp:014661,Unknown,Female,2016-05-13,Japan,4.0,0.053,0.017,3.26,0.35,0.5,0.06,19.7,5.3,,,,11.0,39.2,12.7,1.23,0.12,,,,5.0
35,3534-W1_S7,3534.0,DRR297205,sia,Yaginumia,Araneidae,18.158630064148117,16.250574008018173,6.930737337562887,5.809041373926177,5.410460170891247,13.84222974802226,12.49800667391876,Yaginumia,sia,1112568.0,urn:lsid:nmbe.ch:spidersp:017156,Unknown,Female,2016-05-17,Japan,10.0,0.106,0.036,10.1,2.7,0.97,0.11,16.7,3.5,,,,9.0,52.3,8.0,0.87,0.04,,,,0.0
37,3545-W1_S22,3545.0,DRR297415,argenteoalba,Cyclosa,Araneidae,13.51612090953174,19.209996755964635,14.793038835360464,12.939579508201376,6.475733430966398,13.02967238199906,14.876054432235552,Cyclosa,argenteoalba,345692.0,urn:lsid:nmbe.ch:spidersp:015571,Unknown,Female,2016-05-18,Japan,6.0,0.142,0.028,15.9,8.5,1.46,0.33,17.9,5.8,,,,,63.1,10.3,0.6,0.04,,,,0.0
40,3590-W1_S13,3590.0,DRR296546,sachalinensis,Plebs,Araneidae,18.685078626096686,18.052930960516328,12.450337212534109,8.091618421984029,7.481444263017752,13.736502892567442,16.44933158804585,Plebs,sachalinensis,2337611.0,urn:lsid:nmbe.ch:spidersp:015887,Unknown,Female,2016-05-19,Japan,5.0,0.215,0.054,8.11,1.27,2.12,0.34,19.8,2.3,,,,,51.8,10.7,0.41,0.06,,,,0.0
44,3630-W1_S17,3630.0,DRR296662,ocula,Argiope,Araneidae,18.90933471103468,17.900701467589155,8.836050355982714,10.320800548881635,7.022367813028454,14.210957220559358,14.731605189854616,Argiope,ocula,716557.0,urn:lsid:nmbe.ch:spidersp:015393,Unknown,Female,2016-06-20,Japan,10.0,0.096,0.032,7.2,0.3,1.01,0.13,19.7,2.8,,,,4.0,32.6,1.2,4.46,0.08,,,,5.0
45,3631-W1_S18,3631.0,DRR297930,laticauda,Cyclosa,Araneidae,13.864184053364138,18.090781225340663,10.501746085286404,17.397562421012562,7.357552004618084,13.003644861519062,14.647435180341276,Cyclosa,laticauda,1112405.0,urn:lsid:nmbe.ch:spidersp:015644,Unknown,Female,2016-06-20,Japan,7.0,0.103,0.03,8.02,2.02,0.94,0.11,21.9,2.1,,,,27.0,36.3,4.2,1.96,0.12,,35.5,6.9,0.0
46,3653-W1_S8,3653.0,DRR296802,aetheroides,Argiope,Araneidae,15.378648531910986,16.668486639335754,7.459431618637297,5.169925001442312,5.169925001442312,14.734271245437853,17.371257054777516,Argiope,aetheroides,716551.0,urn:lsid:nmbe.ch:spidersp:015343,Unknown,Female,2016-06-20,Japan,15.0,0.112,0.038,7.06,1.08,0.89,0.13,24.3,5.2,217.0,278.0,298.0,30.0,39.9,9.8,2.87,0.34,3.0,36.7,7.2,0.0
47,3656-W1_S19,3656.0,DRR297961,nautica,Neoscona,Araneidae,16.697591415049782,17.59638079696158,8.909893083770042,14.745227247189858,7.118941072723508,15.018480027116611,14.740601740826062,Neoscona,nautica,258338.0,urn:lsid:nmbe.ch:spidersp:016729,Unknown,Female,2016-06-21,Japan,8.0,0.05,0.014,6.33,0.26,0.7,0.08,13.1,1.5,210.0,273.0,291.0,21.0,34.3,9.5,2.09,0.31,2.4,31.6,11.5,5.0
48,3681-W1_S20,3681.0,DRR296576,subpullata,Neoscona,Araneidae,17.707346070417927,14.357962627051108,8.682994583681683,15.813227794513171,7.312882955284356,12.490490297816311,14.77706933442633,Neoscona,subpullata,1112447.0,urn:lsid:nmbe.ch:spidersp:016761,Unknown,Female,2016-06-21,Japan,5.0,0.083,0.017,6.31,0.54,0.8,0.02,18.6,3.7,,,,20.0,51.7,11.0,1.16,0.11,,,,5.0
52,3767-W1_S24,3767.0,DRR296956,confusa,Cyclosa,Araneidae,13.777010466308132,16.566804528077697,13.542440647442229,10.342941269547817,6.879949788486957,9.316632685152884,14.574460799340809,Cyclosa,confusa,1112402.0,urn:lsid:nmbe.ch:spidersp:015594,Unknown,Female,2016-06-22,Japan,8.0,0.05,0.017,5.29,2.08,0.64,0.16,16.3,0.9,,,,,37.9,6.5,1.17,0.05,,,,0.0
53,3793-W1_S12,3793.0,DRR297109,zilloides,Metazygia,Araneidae,17.460038701593685,15.216098849498522,6.554588851677638,5.459431623255889,5.357552009574621,13.382086981123472,12.82449737318499,Metazygia,zilloides,2337760.0,urn:lsid:nmbe.ch:spidersp:016493,Unknown,Female,2016-06-30,United States,,0.31,0.076,19.0,6.28,2.52,0.25,23.6,5.0,,,,6.0,61.6,10.5,0.36,0.03,,,,0.0
54,3796-W1_S21,3796.0,DRR297908,cancriformis,Gasteracantha,Araneidae,13.963370783792811,17.92377949415641,13.709600132148106,9.232929078869596,6.26105874055119,14.463295331862676,17.63260354702146,Gasteracantha,cancriformis,472970.0,urn:lsid:nmbe.ch:spidersp:016007,Unknown,Female,2016-06-30,United States,,0.147,0.048,8.62,1.5,1.03,0.18,26.9,4.3,239.0,289.0,308.0,24.0,31.1,4.8,2.56,0.24,5.6,,,0.0
55,3798-W1_S22,3798.0,DRR297871,sagittata,Micrathena,Araneidae,15.993266280745791,19.37826456429043,9.681003941602064,6.94251450533924,6.459431618637297,11.252824287505378,13.483641493774378,Micrathena,sagittata,1481434.0,urn:lsid:nmbe.ch:spidersp:016617,Unknown,Female,2016-06-30,United States,,0.141,0.031,15.5,3.5,1.04,0.1,20.8,5.3,253.0,282.0,296.0,21.0,43.2,9.5,0.95,0.03,4.9,43.9,7.3,0.0
57,3801-W1_S1,3801.0,DRR297299,sagittata,Micrathena,Araneidae,19.2080681361823,20.174207572016737,11.57711694842972,8.059555373641276,7.881352605227182,13.400047065586705,15.58388259682456,Micrathena,sagittata,1481434.0,urn:lsid:nmbe.ch:spidersp:016617,Unknown,Female,2016-06-30,United States,,0.153,0.038,9.54,1.9,1.1,0.08,24.5,7.9,,,,13.0,32.1,7.9,1.67,0.06,,,,0.0
58,3819-W1_S13,3819.0,DRR297616,bicentenarius,Araneus,Araneidae,15.553558197699669,15.981835821183068,11.949221384885856,12.486249633609107,5.491853096329675,12.464713341818042,14.682744414209097,Araneus,bicentenarius,29013.0,urn:lsid:nmbe.ch:spidersp:014742,Unknown,Female,2016-07-01,United States,22.0,0.112,0.067,7.93,2.7,1.23,0.43,18.4,4.3,243.0,292.0,309.0,23.0,40.8,3.8,5.37,0.13,8.6,55.7,4.5,0.0
59,3830-W1_S2,3830.0,DRR297130,clavipes,Trichonephila,Araneidae,19.235271922394887,18.907823200655777,8.265364785750307,17.61523800315683,17.61393683566382,8.977832459623036,13.764079942720183,Trichonephila,clavipes,6915.0,urn:lsid:nmbe.ch:spidersp:013943,Unknown,Male,2016-07-01,United States,6.0,0.131,0.036,10.4,2.86,1.56,0.24,17.1,3.2,,,,12.0,58.9,12.6,0.8,0.04,,,,4.0
62,3857-W1_S14,3857.0,DRR297931,-,Neoscona,Araneidae,12.742138244787284,13.012679475952698,9.050288093441605,12.572752633351008,5.584962500721156,11.4048908264444,19.33998235948536,Neoscona,sp. (OTU0133),2337506.0,,Unknown,Female,2016-07-01,United States,10.0,0.13,0.014,6.84,1.52,0.97,0.13,30.8,4.3,248.0,294.0,309.0,22.0,30.6,7.9,2.07,0.41,3.8,,,0.0
63,3860-W1_S15,3860.0,DRR296658,-,Neoscona,Araneidae,13.400675179230303,14.2448897904359,8.053518775087815,12.322266271206692,5.754887502163468,12.280553513936722,20.61019344038132,Neoscona,sp. (OTU0133),2337506.0,,Unknown,Male,2016-07-01,United States,10.0,0.087,0.028,24.1,9.16,1.68,0.36,8.7,0.5,203.0,273.0,297.0,25.0,28.3,7.3,1.28,0.17,8.1,,,4.0
64,3868-W1_S16,3868.0,DRR297713,lemniscata,Mecynogea,Araneidae,16.09198747202788,16.20040811971048,6.475733430966398,6.857980992403864,6.40939093242064,9.248911668229727,13.977766414265194,Mecynogea,lemniscata,329906.0,urn:lsid:nmbe.ch:spidersp:016398,Unknown,Female,2016-07-02,United States,7.0,0.077,0.051,7.63,3.58,1.01,0.33,11.2,2.2,215.0,285.0,316.0,24.0,54.6,7.9,0.69,0.02,4.5,,,0.0
65,3875-W1_S1,3875.0,DRR297497,lemniscata,Mecynogea,Araneidae,16.438874295824544,18.74580297934177,7.417852514885898,6.169924991581011,5.672425328049658,9.61827202370026,12.99350955808828,Mecynogea,lemniscata,329906.0,urn:lsid:nmbe.ch:spidersp:016398,Unknown,Unknown,2016-07-02,United States,6.0,0.152,0.005,7.76,2.11,1.4,0.16,17.6,3.2,,,,9.0,28.4,7.4,0.75,0.03,,,,0.0
67,3883-W1_S18,3883.0,DRR297535,cornutus,Larinioides,Araneidae,15.824526921845742,15.4023291396862,10.224001312318032,11.262736578558284,5.20945336562895,10.110915622894057,11.804651480279658,Larinioides,cornutus,336591.0,urn:lsid:nmbe.ch:spidersp:016288,Unknown,Female,2016-07-02,United States,14.0,0.139,0.017,15.4,3.09,1.82,0.12,15.3,1.3,224.0,281.0,300.0,24.0,36.5,0.8,2.84,0.02,9.9,34.1,3.4,0.0
68,3897-W1_S20,3897.0,DRR296775,anastera,Eustala,Araneidae,17.65874020129347,17.761795230130733,7.473111472257916,6.626868376825708,6.536509888568101,11.045254980875528,14.94023379727652,Eustala,anastera,336652.0,urn:lsid:nmbe.ch:spidersp:015911,Unknown,Female,2016-07-02,United States,7.0,0.025,0.008,4.21,0.52,0.45,0.17,9.9,1.3,,,,,40.9,5.8,1.25,0.08,,,,0.0
69,3899-W1_S21,3899.0,DRR297394,-,Neoscona,Araneidae,13.196967413755727,14.36276877326332,8.161605916268366,11.850490570937732,5.426264754715518,12.353297859876474,20.36604479568133,Neoscona,sp. (OTU0133),2337506.0,,Unknown,Female,2016-07-02,United States,11.0,0.046,0.008,4.23,0.31,0.59,0.05,17.0,0.6,227.0,278.0,297.0,20.0,33.4,5.0,2.07,0.02,12.3,,,0.0
70,3900-W1_S22,3900.0,DRR297665,anastera,Eustala,Araneidae,15.095545716119622,14.747196576595254,6.741466986401147,5.614709844115208,5.523561956057013,9.776945130423591,13.27072449814509,Eustala,anastera,336652.0,urn:lsid:nmbe.ch:spidersp:015911,Unknown,Female,2016-07-02,United States,9.0,0.106,0.019,8.17,1.19,0.91,0.07,18.0,3.7,,,,12.0,37.4,9.6,1.19,0.14,,,,0.0
75,3959-W1_S4,3959.0,DRR297125,labyrinthea,Metepeira,Araneidae,14.469470242805745,16.659943300249463,7.179909487999718,7.794416127834861,7.707359409830238,10.787895377133545,15.0620559851237,Metepeira,labyrinthea,472973.0,urn:lsid:nmbe.ch:spidersp:016515,Unknown,Unknown,2016-07-04,United States,4.0,0.126,0.042,4.04,1.51,1.26,0.15,20.3,2.5,263.0,292.0,307.0,10.0,61.7,11.3,0.7,0.03,15.6,,,0.0
78,4023-W1_S4,4023.0,DRR296634,punctigera,Neoscona,Araneidae,19.415207345975222,19.951288673591744,9.648313536441986,16.71000214144724,9.879110326510965,13.118331019666472,17.72217129933625,Neoscona,punctigera,1112444.0,urn:lsid:nmbe.ch:spidersp:016743,Unknown,Unknown,2016-07-13,Japan,6.0,0.162,0.054,4.25,1.48,1.08,0.15,32.7,6.2,,,,,35.1,1.9,1.85,0.05,,,,5.0
80,4039-W1_S9,4039.0,DRR297775,scylloides,Neoscona,Araneidae,16.42634047446808,17.215897376294365,9.97540318609088,11.918662096586624,5.882643147171671,12.292666713464827,15.144961756965206,Neoscona,scylloides,1112446.0,urn:lsid:nmbe.ch:spidersp:016751,Unknown,Female,2016-07-14,Japan,11.0,0.126,0.035,3.21,0.71,0.77,0.24,35.4,4.8,215.0,283.0,301.0,21.0,37.0,7.3,2.85,0.25,3.1,,,0.0
98,4419-W1_S7,4419.0,DRR297465,hamulata,Cyclosa,Araneidae,13.263586807277484,18.770657844309827,12.710328044173858,12.118795595673223,6.93615734853431,11.087723777197668,13.977169310310448,Cyclosa,hamulata,2337382.0,urn:lsid:nmbe.ch:spidersp:015627,Unknown,Female,2016-09-28,Japan,10.0,0.03,0.014,1.68,0.2,0.33,0.06,16.7,4.6,,,,,42.5,4.1,1.18,0.05,,,,0.0
99,4426-W1_S4,4426.0,DRR297809,mitificus,Araneus,Araneidae,15.259804837230524,20.507657613201577,16.318159402927257,11.436435628953245,8.461371844826363,15.4912229405322,16.63231356911054,Araneus,mitificus,1662246.0,urn:lsid:nmbe.ch:spidersp:015032,Unknown,Female,2016-09-28,Japan,8.0,0.239,0.099,9.01,3.46,1.05,0.29,34.3,10.1,224.0,277.0,298.0,16.0,39.5,9.1,0.68,0.04,4.8,,,0.0
100,4440-W1_S18,4440.0,DRR297182,variegatus,Araneus,Araneidae,16.130472733008173,17.085346858307535,13.294229643399282,16.41524658894356,5.954196310386875,12.730876839629298,15.958968973423453,Araneus,variegatus,1112387.0,urn:lsid:nmbe.ch:spidersp:015276,Unknown,Female,2016-09-29,Japan,11.0,0.154,0.044,4.85,1.52,1.2,0.11,27.3,3.6,216.0,285.0,300.0,12.0,42.1,8.0,1.79,0.04,2.2,,,0.0
104,4487-W1_S15,4487.0,DRR296623,macacus,Araneus,Araneidae,15.486043334579406,17.16004739359895,10.503727169345709,13.068840890800436,6.129283016944966,11.580081295673974,15.644746321696251,Araneus,macacus,2337292.0,urn:lsid:nmbe.ch:spidersp:014996,Unknown,Female,2016-10-11,Japan,,0.084,0.025,6.41,1.35,1.04,0.15,17.9,3.8,220.0,281.0,303.0,20.0,35.8,3.5,2.44,0.13,2.6,33.3,2.0,0.0
112,4682-W1_S8,4682.0,DRR297427,clavata,Trichonephila,Araneidae,16.16111931207034,15.81118766700299,8.098032082960527,11.959639695543682,11.959639695543682,7.99009489059644,10.985413285652806,Trichonephila,clavata,70342.0,urn:lsid:nmbe.ch:spidersp:013940,Unknown,Female,2016-11-02,China,,0.092,0.024,9.05,2.08,1.12,0.14,16.9,2.7,239.0,285.0,304.0,15.0,52.6,10.9,2.68,0.03,5.1,,,3.0
113,4683-W1_S9,4683.0,DRR297944,clavata,Trichonephila,Araneidae,15.836124349831609,17.314316392881526,7.588853577286623,12.339593067690178,12.339015052979637,9.66866085286699,11.401510706015475,Trichonephila,clavata,70342.0,urn:lsid:nmbe.ch:spidersp:013940,Unknown,Female,2016-11-02,China,,0.246,0.024,15.7,3.08,2.22,0.15,21.5,1.3,,,,15.0,42.6,4.9,2.26,0.06,,46.0,1.2,3.0
116,4739-W1_S16,4739.0,DRR296787,mulmeinensis,Cyclosa,Araneidae,14.193876236892718,20.1854624670155,16.37999505653329,16.972659509228713,7.361441330192624,11.57615780799945,13.979324651410588,Cyclosa,mulmeinensis,345697.0,urn:lsid:nmbe.ch:spidersp:015662,Unknown,Female,2016-11-07,Japan,4.0,0.088,0.027,3.41,0.03,0.81,0.19,24.5,1.3,235.0,282.0,305.0,15.0,77.9,14.1,0.64,0.05,,31.8,6.8,0.0
120,4781-W1_S22,4781.0,DRR297129,unicolor,Cyrtophora,Araneidae,20.98813416867652,18.498424292601964,8.121676002987593,7.917093521435797,7.245108943927622,13.66816870169178,15.782569163586238,Cyrtophora,unicolor,1485616.0,urn:lsid:nmbe.ch:spidersp:015838,Unknown,Unknown,2016-11-28,Japan,5.0,0.085,0.01,4.42,1.17,0.76,0.06,18.5,4.9,,,,16.0,47.8,14.9,0.64,0.02,,,,4.0
126,4910-W1_S25,4910.0,DRR296789,unicolor,Cyrtophora,Araneidae,20.31995115438465,17.56758402334511,8.397853041605693,7.561063054350891,6.712121957250136,9.32415827662737,15.328541743252522,Cyrtophora,unicolor,1485616.0,urn:lsid:nmbe.ch:spidersp:015838,Unknown,Male,2017-01-24,India,8.0,0.126,0.01,7.13,1.53,1.0,0.11,23.2,2.6,,,,,46.1,3.7,2.08,0.11,,,,0.0
127,4911-W1_S27,4911.0,DRR296893,pilipes,Nephila,Araneidae,14.494668063553725,19.65849357254492,8.321957669832559,14.479742515919613,14.477214509626076,13.823521150962724,13.948986410459352,Nephila,pilipes,299642.0,urn:lsid:nmbe.ch:spidersp:013960,Unknown,Female,2017-01-24,India,24.0,0.089,0.026,5.59,1.75,0.98,0.18,19.5,2.9,217.0,276.0,299.0,19.0,34.7,1.4,1.95,0.05,7.3,35.6,9.9,3.0
128,4912-W1_S1,4912.0,DRR296879,pilipes,Nephila,Araneidae,16.6066649399593,20.17766756548394,7.780737121871904,16.215353013131214,16.214840968477855,12.76108413555601,14.581584350383745,Nephila,pilipes,299642.0,urn:lsid:nmbe.ch:spidersp:013960,Unknown,Female,2017-01-24,India,11.0,0.135,0.079,9.38,4.24,1.17,0.35,19.7,6.6,222.0,280.0,301.0,20.0,55.7,17.6,0.98,0.2,8.4,,,3.0
130,4916-W1_S2,4916.0,DRR297531,-,Argiope,Araneidae,13.580909294478534,15.915039223670268,7.531381163463813,5.727920454563199,5.392317422778761,13.508172076864977,19.497574168611983,Argiope,sp. (OTU0362),2337308.0,,Unknown,Female,2017-01-24,India,13.0,0.212,0.055,7.16,2.53,1.52,0.27,31.4,3.6,241.0,287.0,305.0,15.0,33.8,2.1,2.05,0.03,7.6,45.2,14.3,0.0
131,4954-W1_S11,4954.0,DRR297092,bifida,Cyclosa,Araneidae,13.249830691074514,17.57817741638752,14.001689724693524,10.111465482709152,8.004174782593218,8.313616709268883,12.523891780479806,Cyclosa,bifida,2293436.0,urn:lsid:nmbe.ch:spidersp:015579,Unknown,Female,2017-01-24,India,7.0,0.099,0.032,2.49,1.28,1.06,0.44,25.8,3.1,,,,,60.3,12.9,0.75,0.06,,,,0.0
132,4959-W1_S4,4959.0,DRR297582,unicolor,Cyrtophora,Araneidae,19.83758028233341,16.289740032078516,7.098876389533034,6.705739403455775,5.916064380955054,8.520118613389965,15.04971796674568,Cyrtophora,unicolor,1485616.0,urn:lsid:nmbe.ch:spidersp:015838,Unknown,Unknown,2017-01-24,India,7.0,0.089,0.04,6.07,1.1,1.06,0.09,16.5,5.1,,,,24.0,45.4,3.4,1.69,0.04,,,,0.0
135,4992-W1_S8,4992.0,DRR296734,-,Argiope,Araneidae,13.490706050400131,16.514278060097958,7.366322124545156,5.392317422778761,4.754887502163468,13.422963092700137,19.733559986504098,Argiope,sp. (OTU0362),2337308.0,,Unknown,Female,2017-01-25,India,10.0,0.16,0.049,5.85,0.31,1.32,0.16,24.8,5.8,,,,16.0,37.6,1.8,2.78,0.09,,,,0.0
136,5018-W1_S10,5018.0,DRR296908,-,-,Araneidae,14.769458204085256,14.973426225273409,8.47748625573864,8.53712663289522,6.643856192660115,12.596901196176496,19.868400652972152,Gen.,sp. (OTU0124),2337812.0,,Unknown,Unknown,2017-01-25,India,,0.015,0.008,1.01,0.3,0.17,0.05,15.3,2.7,206.0,284.0,306.0,24.0,36.9,25.1,1.58,0.52,10.1,,,5.0
137,5019-W1_S14,5019.0,DRR297560,diadesmia,Gasteracantha,Araneidae,14.44066846865725,18.50394416143233,15.350539492203394,10.480304405590111,7.280890420718295,15.26159474181167,17.94368603945882,Gasteracantha,diadesmia,2337415.0,urn:lsid:nmbe.ch:spidersp:016017,Unknown,Female,2017-01-25,India,,0.109,0.026,5.85,2.79,0.89,0.2,26.5,4.0,225.0,276.0,296.0,18.0,34.6,2.8,2.42,0.08,0.2,5.4,3.2,0.0
139,5024-W1_S12,5024.0,DRR296519,-,Neoscona,Araneidae,13.667885838857638,15.777649191753726,8.133956982937603,11.40081785365808,6.044394119358453,11.42496046721247,19.153733627393336,Neoscona,sp. (OTU1084),2337508.0,,Unknown,Female,2017-01-25,India,,0.126,0.035,9.24,2.54,1.36,0.35,20.4,3.8,,,,14.0,46.2,46.7,1.08,0.49,,,,5.0
140,5027-W1_S13,5027.0,DRR297749,unicolor,Cyrtophora,Araneidae,20.34291742088104,16.92430750217734,8.254516004219045,6.426264757017993,5.977279926661296,8.008334337302585,13.845583237703606,Cyrtophora,unicolor,1485616.0,urn:lsid:nmbe.ch:spidersp:015838,Unknown,Unknown,2017-01-25,India,8.0,0.043,0.019,5.08,1.52,0.67,0.12,12.2,2.5,209.0,280.0,307.0,23.0,70.2,14.9,0.72,0.05,7.6,6.1,2.5,0.0
141,5040-W1_S15,5040.0,DRR297430,-,Gasteracantha,Araneidae,14.028560995725147,17.604585983024872,11.061574748847544,9.467605550082997,6.820178962415188,13.40398886283024,20.6240751331956,Gasteracantha,sp. (OTU0225),2337416.0,,Unknown,Female,2017-01-25,India,,0.063,0.012,4.11,1.22,0.72,0.13,19.0,2.1,229.0,288.0,312.0,22.0,38.7,4.1,2.33,0.1,5.2,41.1,11.8,0.0
144,5058-W1_S12,5058.0,DRR297450,hiramatsui,Zygiella,Araneidae,18.588640767410443,16.043485714733443,6.9886846867721655,7.774339029936436,6.657239836192669,13.673881381230665,13.847601655039824,Zygiella,hiramatsui,2337719.0,urn:lsid:nmbe.ch:spidersp:049604,Unknown,Female,2017-03-20,Japan,5.0,0.111,0.014,2.34,0.78,0.92,0.07,29.8,4.6,191.0,219.0,246.0,17.0,62.1,31.7,0.57,0.1,9.4,,,3.0
148,5104-W1_S17,5104.0,DRR297722,alba,Cyclosa,Araneidae,12.839546843290591,17.928209234428685,13.256601555620373,13.029737291505356,5.614709859000052,14.325564722500973,12.815636511837468,Cyclosa,alba,345691.0,urn:lsid:nmbe.ch:spidersp:015564,Unknown,Female,2017-03-22,Japan,3.0,0.153,0.067,2.38,0.7,1.25,0.24,29.2,6.0,,,,5.0,60.2,10.3,0.6,0.04,,,,0.0
150,5118-W1_S27,5118.0,DRR297449,fusiformis,Larinia,Araneidae,15.529638740298198,18.134660591838166,16.448165245323587,14.797864137333749,7.426264754702098,11.959259275239326,14.645493219014329,Larinia,fusiformis,2337460.0,urn:lsid:nmbe.ch:spidersp:016301,Unknown,Female,2017-04-09,Japan,7.0,0.034,0.015,2.57,0.42,0.54,0.19,14.4,3.7,,,,14.0,37.6,11.2,0.79,0.07,,,,0.0
158,5209-W1_S8,5209.0,DRR297461,spinipes,Gea,Araneidae,18.56685614337151,18.506079515007208,8.78135971352466,6.874559572768504,6.768184324776926,12.601796722324886,14.909341910138922,Gea,spinipes,1538127.0,urn:lsid:nmbe.ch:spidersp:016112,Unknown,Female,2017-04-15,Malaysia,5.0,0.141,0.025,4.66,0.82,1.54,0.17,21.9,3.8,201.0,273.0,306.0,,48.2,6.4,0.51,0.03,15.1,,,0.0
161,5214-W1_S24,5214.0,DRR297685,dehaani,Parawixia,Araneidae,16.116355927725834,16.58014856612031,7.948367056358548,12.47040467887336,7.651051742217818,10.68119017974005,14.426147804211856,Parawixia,dehaani,2337571.0,urn:lsid:nmbe.ch:spidersp:016893,Unknown,Female,2017-04-15,Malaysia,18.0,0.099,0.029,5.98,0.42,1.12,0.24,26.9,1.2,233.0,285.0,304.0,20.0,37.6,9.2,2.66,0.19,6.1,43.9,5.6,0.0
163,5219-W1_S2,5219.0,DRR297005,kuhli,Gasteracantha,Araneidae,14.217247644782324,17.673582094524935,12.629180314068046,10.117643102218867,5.459431639589163,15.644698833906846,15.016726379758904,Gasteracantha,kuhli,216277.0,urn:lsid:nmbe.ch:spidersp:016031,Unknown,Female,2017-04-15,Malaysia,5.0,0.102,0.015,3.23,0.09,0.64,0.05,30.9,1.2,230.0,283.0,302.0,17.0,29.0,2.5,2.0,0.03,6.1,,,0.0
166,5229-W1_S4,5229.0,DRR297425,-,-,Araneidae,15.754608518690835,14.303757159154372,8.433537037554784,13.079527418430812,11.671541049020956,13.962938699156284,19.526104378909967,Gen.,sp. (OTU0160),2337813.0,,Unknown,Female,2017-04-16,Malaysia,4.0,0.036,0.015,3.07,0.89,0.71,0.14,13.2,2.5,,,,12.0,60.4,8.8,0.45,0.03,,,,5.0
171,5249-W1_S7,5249.0,DRR296714,spinipes,Gea,Araneidae,18.16651335195301,16.704578908796872,7.839203788096944,5.470676767841562,5.169925001442312,12.172941240648443,13.018023889954618,Gea,spinipes,1538127.0,urn:lsid:nmbe.ch:spidersp:016112,Unknown,Female,2017-04-15,Malaysia,6.0,0.128,0.035,13.0,1.59,2.17,0.12,13.7,2.7,258.0,282.0,294.0,15.0,48.7,9.7,0.48,0.03,11.5,40.3,8.5,0.0
173,5281-W1_S8,5281.0,DRR296535,perpolita,Singa,Araneidae,14.94769500813068,18.409528843522597,12.427142078445977,13.493887639389978,6.94251450533924,13.50631759016489,14.696579602914602,Singa,perpolita,2337647.0,urn:lsid:nmbe.ch:spidersp:017059,Unknown,Female,2017-04-17,Malaysia,5.0,0.155,0.044,3.41,0.74,1.63,0.16,24.4,3.0,241.0,288.0,307.0,,77.0,19.7,0.38,0.02,7.7,,,0.0
174,5286-W1_S8,5286.0,DRR297350,poonaensis,Eriovixia,Araneidae,16.3303722670077,13.92476594228043,8.408009361079227,16.76108369358336,6.3750394313469245,13.812139746211582,13.82142561474942,Eriovixia,poonaensis,1750731.0,urn:lsid:nmbe.ch:spidersp:015900,Unknown,Female,2017-04-17,Malaysia,,0.241,0.059,12.8,2.34,1.56,0.13,27.6,6.2,216.0,279.0,278.0,8.0,65.4,8.7,0.47,0.03,7.5,,,4.0
176,53-W30_S19,53.0,DRR297226,amabilis,Araneus,Araneidae,12.388918837305352,17.23126536417684,13.018775521320697,6.931574319041074,6.108524435869545,13.71312915218931,13.702874150069247,Araneus,amabilis,2337290.0,urn:lsid:nmbe.ch:spidersp:037655,Unknown,Unknown,2014-12-08,Japan,,0.128,0.032,6.17,0.79,0.92,0.15,25.7,3.7,,,,,41.0,7.8,1.72,0.13,,,,0.0
184,5457-W1_S20,5457.0,DRR297608,pentagrammicus,Araneus,Araneidae,13.136873420320384,17.96626906397252,14.875129124621866,6.044394119358453,5.392317422778761,13.492960697429968,14.08945592690228,Araneus,pentagrammicus,2337294.0,urn:lsid:nmbe.ch:spidersp:015102,Unknown,Female,2017-05-23,Japan,8.0,0.05,0.013,2.19,0.37,0.36,0.09,34.5,3.8,285.0,302.0,316.0,14.0,39.0,5.9,1.09,0.04,19.0,,,0.0
186,5478-W1_S3,5478.0,DRR296822,coccineus,Acusilas,Araneidae,14.39614258270262,16.81282503399446,7.456580217716676,6.426264778035174,6.409390959745284,14.724883316767574,14.567402839741746,Acusilas,coccineus,1662254.0,urn:lsid:nmbe.ch:spidersp:014455,Unknown,Female,2017-05-24,Japan,11.0,0.156,0.026,13.1,1.86,2.06,0.25,16.6,1.6,216.0,278.0,300.0,,43.5,4.1,0.57,0.03,7.0,,,0.0
191,5517-W1_S20,5517.0,DRR296489,seminiger,Araneus,Araneidae,15.229254516645604,15.270995189203422,10.876176736614102,10.359884018614144,7.864183356473145,14.475603295040644,15.106224845737897,Araneus,seminiger,2175613.0,urn:lsid:nmbe.ch:spidersp:015191,Unknown,Female,2017-05-25,Japan,14.0,0.175,0.059,6.85,1.22,0.98,0.1,32.9,6.4,229.0,284.0,303.0,19.0,33.4,0.5,7.95,0.07,10.4,45.8,3.3,0.0
192,5532-W1_S4,5532.0,DRR165465,-,Neoscona,Araneidae,6.941822432529182,5.813544185045014,1.0,5.356121972390922,1.584962500721156,5.087462841250339,13.219831356733764,Neoscona,sp. (OTU0257),2507266.0,,Unknown,Female,2017-06-10,China,,0.06,0.014,2.9,0.78,0.82,0.14,19.1,2.8,,,,13.0,30.9,5.1,0.8,0.04,,,,0.0
193,5556-W1_S6,5556.0,DRR165467,scylloides,Neoscona,Araneidae,15.55775098907564,17.32221768264936,12.5752826658545,14.108124813944483,6.6914043500243805,11.657409111140142,14.74407604073004,Neoscona,scylloides,1112446.0,urn:lsid:nmbe.ch:spidersp:016751,Unknown,Female,2017-06-10,China,7.0,0.149,0.046,4.92,1.46,1.0,0.09,28.4,5.2,223.0,293.0,311.0,10.0,54.2,8.9,0.45,0.03,2.5,,,5.0
194,5564-W1_S7,5564.0,DRR165468,-,Araneus,Araneidae,8.697314113810421,9.035055501625871,4.902282489586569,9.013285317819143,1.584962500721156,7.423872175851557,13.378528251589795,Araneus,sp. (OTU0080),2507252.0,,Unknown,Unknown,2017-06-10,China,,0.267,0.136,4.61,1.13,1.97,0.19,31.3,11.9,263.0,297.0,311.0,12.0,70.2,10.7,0.35,0.03,2.1,,,4.0
196,5570-W1_S9,5570.0,DRR165470,-,Neoscona,Araneidae,7.805642734878346,7.490055340470289,3.169925001442312,7.649607986918349,1.0,6.505491820493071,14.459903003150696,Neoscona,sp. (OTU0257),2507266.0,,Unknown,Male,2017-06-10,China,6.0,0.103,0.024,5.42,0.85,1.2,0.17,23.4,4.7,,,,7.0,39.3,11.7,0.69,0.09,,,,4.0
197,5580-W1_S10,5580.0,DRR165471,-,Araneus,Araneidae,7.804074243297709,8.70853996594955,4.222726521124427,6.3471628876239015,1.0,6.879123596855,12.01627697453721,Araneus,sp. (OTU0080),2507252.0,,Unknown,Unknown,2017-06-11,China,,0.074,0.04,4.29,0.66,0.74,0.15,20.3,6.8,,,,9.0,60.8,7.8,0.96,0.04,,,,5.0
203,5654-W1_S1,5654.0,DRR297177,sakiedaorum,Eriovixia,Araneidae,19.75376828982221,15.300207663604098,7.68754470245201,18.12348557572157,6.832582965863689,11.280340753732942,15.271718071621292,Eriovixia,sakiedaorum,2337407.0,urn:lsid:nmbe.ch:spidersp:015903,Unknown,Male,2017-06-27,Japan,3.0,0.118,0.032,6.53,1.26,1.16,0.14,18.9,3.8,,,,,43.7,6.8,0.54,0.02,,,,4.0
209,5803-W1_S1,5803.0,DRR297218,nagasakiensis,Cyrtarachne,Araneidae,18.04645961734453,17.870469318287242,6.303780748177103,8.64748278333085,6.449203134050641,10.823486186862176,12.311719806244918,Cyrtarachne,nagasakiensis,386110.0,urn:lsid:nmbe.ch:spidersp:015776,Unknown,Female,2017-07-11,Japan,5.0,0.157,0.034,9.52,1.63,1.53,0.07,19.2,4.0,205.0,275.0,295.0,,69.4,11.4,0.33,0.03,5.8,,,0.0
212,5816-W1_S6,5816.0,DRR296473,argiopiformis,Larinia,Araneidae,16.812610714900472,15.70058382205529,6.511798344974445,13.827640422902252,6.507794640198696,14.532227209929742,13.59611927691708,Larinia,argiopiformis,1112526.0,urn:lsid:nmbe.ch:spidersp:016286,Unknown,Female,2017-07-11,Japan,12.0,0.286,0.117,9.92,1.15,2.45,0.52,27.2,5.5,212.0,276.0,297.0,8.0,43.1,3.7,0.56,0.03,7.1,,,0.0
218,5926-W1_S3,5926.0,DRR297573,x-notata,Zygiella,Araneidae,18.392209404906364,14.762116241282827,11.215502665216468,16.120420147040573,16.120379644653124,11.543170270495056,13.15776136464095,Zygiella,x-notata,389061.0,urn:lsid:nmbe.ch:spidersp:017187,Unknown,Unknown,2017-07-22,United Kingdom,6.0,0.079,0.028,5.87,1.45,0.75,0.12,14.7,4.8,,,,,67.3,11.9,0.57,0.03,,,,3.0
223,5996-W1_S18,5996.0,DRR296736,umbratica,Nuctenea,Araneidae,17.084181772347,18.670256081536102,8.59039509695574,10.30813553662369,6.409390936137702,11.38675937278882,13.111675617397552,Nuctenea,umbratica,1872065.0,urn:lsid:nmbe.ch:spidersp:016784,Unknown,Female,2017-07-23,United Kingdom,,0.216,0.069,28.6,1.7,2.21,0.36,15.5,4.8,222.0,277.0,299.0,34.0,38.3,6.3,0.43,0.04,6.6,,,0.0
224,6019-W1_S22,6019.0,DRR297274,cornutus,Larinioides,Araneidae,16.747196555024292,19.011266217287847,14.97982734679056,13.300270887290443,6.894817763307944,11.309720338856415,13.80222052340128,Larinioides,cornutus,336591.0,urn:lsid:nmbe.ch:spidersp:016288,Unknown,Female,2017-07-24,United Kingdom,,0.102,0.038,10.7,1.46,1.25,0.2,15.2,3.6,230.0,283.0,298.0,24.0,44.0,7.3,1.74,0.19,6.6,47.3,3.5,0.0
226,6054-W1_S3,6054.0,DRR296675,diadematus,Araneus,Araneidae,15.22246187106182,20.154291352625435,14.299552797777276,14.489336674992009,7.139551352398794,15.047451047142808,16.050376176193375,Araneus,diadematus,45920.0,urn:lsid:nmbe.ch:spidersp:014834,Unknown,Female,2017-07-25,United Kingdom,11.0,0.082,0.02,6.0,1.22,1.08,0.11,17.8,1.3,240.0,283.0,299.0,13.0,37.6,4.8,1.39,0.04,10.6,38.9,5.1,0.0
230,6129-W1_S14,6129.0,DRR296917,dispar,Zygiella,Araneidae,18.116617521882784,14.831925569460696,8.330916878114618,15.47137542398911,15.471121353220118,16.130060790440687,14.178968987921197,Zygiella,dispar,2175612.0,urn:lsid:nmbe.ch:spidersp:017170,Unknown,Female,2017-08-07,Japan,5.0,0.102,0.04,10.4,1.82,1.63,0.18,13.2,2.3,,,,,60.0,12.2,0.36,0.03,,,,3.0
233,6323-W1_S17,6323.0,DRR296776,omonaga,Cyclosa,Araneidae,11.884251005611588,16.948281200853337,11.795601581345537,9.326429261691072,4.807354905724235,10.222604137909016,14.246031638355747,Cyclosa,omonaga,1933405.0,urn:lsid:nmbe.ch:spidersp:015675,Unknown,Female,2017-09-12,Japan,7.0,0.153,0.073,5.35,0.98,1.33,0.47,27.1,5.8,,,,,41.6,4.6,0.62,0.05,,,,0.0
234,6327-W1_S18,6327.0,DRR296520,japonica,Cyclosa,Araneidae,12.993524209039087,17.781710077078355,14.175507826175773,11.646197482849862,6.438073407689861,9.482123573407248,14.938762708314792,Cyclosa,japonica,1112403.0,urn:lsid:nmbe.ch:spidersp:015637,Unknown,Female,2017-09-12,Japan,7.0,0.143,0.062,17.3,4.1,2.42,0.59,12.3,2.8,212.0,276.0,297.0,25.0,50.4,10.6,0.54,0.04,6.5,,,0.0
237,65-W8_S10,65.0,DRR297546,aemula,Argiope,Araneidae,11.441986476002374,13.81662086069398,6.044394119358453,6.539158811108031,6.539158811108031,10.976618133893435,15.912548378000391,Argiope,aemula,332528.0,urn:lsid:nmbe.ch:spidersp:015339,Unknown,Female,2014-12-08,Japan,,0.245,0.094,6.5,1.4,1.74,0.8,32.7,7.4,,,,,37.2,17.1,1.89,0.18,,,,0.0
240,6677-W1_S2,6677.0,DRR297741,brouni,Backobourkia,Araneidae,15.392856343734843,17.062574687390104,9.928943763292388,13.598171111577663,6.599912842187128,13.798039354355724,15.06883321012115,Backobourkia,brouni,2337322.0,urn:lsid:nmbe.ch:spidersp:043116,Unknown,Unknown,2017-10-29,Australia,8.0,0.212,0.104,5.77,1.65,1.6,0.5,25.6,5.3,,,,,80.0,13.5,0.64,0.05,,,,0.0
241,6700-W1_S10,6700.0,DRR297964,-,Eriophora,Araneidae,13.453790989210583,15.753111731346852,10.216729054943446,10.240404017904163,6.518459603233013,10.502676832369458,18.52638927879089,Eriophora,sp. (OTU0926),2337405.0,,Unknown,Female,2017-10-30,Australia,15.0,0.154,0.032,5.76,0.17,1.04,0.29,24.0,8.8,217.0,276.0,298.0,16.0,50.8,8.2,0.42,0.02,5.4,45.7,5.6,0.0
243,6713-W1_S13,6713.0,DRR297419,transmarina,Eriophora,Araneidae,13.947556008435807,14.88851345583214,9.534585240122045,8.797661527024506,6.375039437623813,11.61640098220979,15.77892787676203,Eriophora,transmarina,2115798.0,urn:lsid:nmbe.ch:spidersp:015889,Unknown,Male,2017-10-30,Australia,12.0,0.273,0.072,13.7,1.31,1.93,0.36,25.6,3.0,223.0,285.0,302.0,19.0,78.7,2.9,1.43,0.03,3.4,39.9,7.1,4.0
245,6727-W1_S17,6727.0,DRR296458,keyserlingi,Argiope,Araneidae,13.141095201010913,17.486081268118575,8.808462615287256,6.906890355159325,6.459431618637297,11.180426676714625,14.643062047334167,Argiope,keyserlingi,332532.0,urn:lsid:nmbe.ch:spidersp:015377,Unknown,Female,2017-10-30,Australia,10.0,0.368,0.122,31.7,9.7,2.45,0.43,22.4,6.9,216.0,274.0,297.0,20.0,42.7,6.6,0.43,0.03,7.4,,,0.0
246,6748-W1_S21,6748.0,DRR297943,australasia,Poecilopachys,Araneidae,17.807350263733497,17.61009513063669,8.531481275963403,7.408981976595326,6.440013793626166,13.519032994311232,13.014584429953644,Poecilopachys,australasia,386120.0,urn:lsid:nmbe.ch:spidersp:016935,Unknown,Female,2017-10-30,Australia,7.0,0.123,0.003,7.89,1.14,0.95,0.05,23.7,0.8,208.0,268.0,292.0,19.0,51.2,4.2,1.49,0.03,9.4,43.0,6.7,0.0
247,6755-W1_S22,6755.0,DRR297580,plumipes,Trichonephila,Araneidae,15.44761974738543,17.752502451587194,8.948367231584678,12.854185781176591,12.84362584757977,11.998486267325845,12.049978425552537,Trichonephila,plumipes,941800.0,urn:lsid:nmbe.ch:spidersp:013971,Unknown,Female,2017-10-31,Australia,16.0,0.135,0.069,7.81,1.38,0.81,0.22,28.2,7.6,233.0,285.0,304.0,19.0,31.9,2.7,1.25,0.04,8.2,8.9,1.1,3.0
248,6762-W1_S23,6762.0,DRR296859,plumipes,Trichonephila,Araneidae,15.605571533672729,18.11708433470223,8.64451446142559,13.192645957243183,13.181973933474463,10.115501122696047,11.783333548435966,Trichonephila,plumipes,941800.0,urn:lsid:nmbe.ch:spidersp:013971,Unknown,Female,2017-10-31,Australia,10.0,0.136,0.019,12.1,3.35,1.44,0.06,18.1,4.1,208.0,268.0,297.0,21.0,48.8,0.0,0.46,0.03,9.0,40.3,5.4,3.0
249,6767-W1_S24,6767.0,DRR297150,-,Arkys,Araneidae,13.851397620224043,12.59683593909708,8.966810679754575,8.023278416297565,7.367756756289271,9.49361859028835,20.537344187774885,Arkys,sp. (OTU0789),2337315.0,,Unknown,Unknown,2017-10-31,Australia,,0.226,0.074,9.59,1.49,1.51,0.13,25.4,5.8,,,,,45.1,8.0,0.55,0.04,,,,4.0
252,6784-W1_S5,6784.0,DRR297018,eburnus,Plebs,Araneidae,13.765213975627717,15.833570010098796,10.51502809949776,6.719681133888015,6.321928094887363,13.180518521385736,13.751410106016786,Plebs,eburnus,2115801.0,urn:lsid:nmbe.ch:spidersp:014852,Unknown,Female,2017-10-31,Australia,6.0,0.112,0.066,7.93,1.01,1.17,0.32,17.4,7.6,203.0,271.0,298.0,26.0,66.8,8.3,0.37,0.02,13.0,,,0.0
253,6786-W1_S9,6786.0,DRR297789,-,Cyclosa,Araneidae,13.487718010070765,15.31882615911853,12.8634395476863,8.912366938166441,6.6865005271832185,9.80813048241598,18.634481424330296,Cyclosa,sp. (OTU0457),2337387.0,,Unknown,Female,2017-10-31,Australia,7.0,0.054,0.018,8.38,1.49,1.0,0.17,10.8,3.1,194.0,237.0,273.0,17.0,59.7,12.1,0.37,0.04,12.2,,,4.0
257,6796-W1_S7,6796.0,DRR297688,keyserlingi,Argiope,Araneidae,13.57700120338748,17.522795588312405,8.341524605132857,7.189824558880018,6.321928094887363,11.360748759532669,14.70853529810925,Argiope,keyserlingi,332532.0,urn:lsid:nmbe.ch:spidersp:015377,Unknown,Female,2017-10-31,Australia,9.0,0.202,0.046,11.6,1.08,1.59,0.05,19.9,4.6,214.0,277.0,299.0,22.0,42.3,3.9,0.66,0.03,9.8,33.4,5.4,0.0
258,6816-W1_S16,6816.0,DRR297225,pustulosa,Eriophora,Araneidae,16.656407760490644,16.630201798209146,12.066465941592238,11.036173653773345,6.392317422778761,13.614204333654024,15.583411182069591,Eriophora,pustulosa,693724.0,urn:lsid:nmbe.ch:spidersp:015885,Unknown,Female,2017-11-04,Australia,6.0,0.141,0.04,7.61,0.39,1.27,0.21,23.5,0.2,216.0,279.0,297.0,27.0,35.0,4.1,0.82,0.05,6.9,,,0.0
259,6821-W1_S17,6821.0,DRR297668,-,-,Araneidae,13.764301422882316,12.758358689260264,8.142392503939064,10.936250589635208,6.266786540694901,9.955862082872782,18.395157355861908,Gen.,sp. (OTU0726),2337815.0,,Unknown,Female,2017-11-04,Australia,7.0,0.125,0.068,14.5,5.81,2.27,0.75,13.0,2.7,,,,,44.1,6.6,0.55,0.03,,,,0.0
261,6838-W1_S23,6838.0,DRR297178,-,Cryptaranea,Araneidae,13.51699879364574,17.087032328671057,12.381254310222054,8.42131264613496,6.437841938920096,12.16191823194353,18.44281089935369,Cryptaranea,sp. (OTU0455),2337743.0,,Unknown,Female,2017-11-05,Australia,,0.106,0.023,8.73,2.12,1.09,0.13,18.7,3.8,197.0,268.0,293.0,27.0,32.9,7.1,2.13,0.07,18.4,,,0.0
262,6843-W1_S24,6843.0,DRR296877,pustulosa,Eriophora,Araneidae,14.667179207211031,15.187473036693431,9.744133203645267,9.734709789556232,6.870364719583405,11.974655814536996,14.39296507791629,Eriophora,pustulosa,693724.0,urn:lsid:nmbe.ch:spidersp:015885,Unknown,Female,2017-11-05,Australia,,0.165,0.052,15.3,2.12,1.41,0.19,18.1,3.7,212.0,279.0,300.0,21.0,58.4,9.5,0.57,0.03,10.0,4.2,1.5,0.0
265,6849-W1_S4,6849.0,DRR297520,-,Plebs,Araneidae,13.310582961949557,14.3786451439308,12.04710809573296,6.459788805382206,6.247927513443585,12.482122705516714,18.199451530332134,Plebs,sp. (OTU0517),2337612.0,,Unknown,Female,2017-11-05,Australia,8.0,0.142,0.05,8.65,2.09,1.6,0.13,18.9,5.6,,,,,59.7,5.1,0.41,0.02,,,,0.0
267,6965-W1_S21,6965.0,DRR297792,pygmaea,Hypsosinga,Araneidae,13.440856843932648,18.797226176580622,8.455015589182473,6.539158817095991,6.523561962110059,10.310868922663538,13.0058980275998,Hypsosinga,pygmaea,336661.0,urn:lsid:nmbe.ch:spidersp:016190,Unknown,Female,2017-12-08,Japan,3.0,0.118,0.019,10.9,4.11,1.45,0.07,18.2,4.4,,,,,46.1,6.7,0.45,0.04,,,,0.0
268,7298-W1_S3,7298.0,DRR168614,darwini,Caerostris,Araneidae,16.493221716889902,16.353573035903395,15.58408802689248,6.426264754702098,6.426264754702098,10.92516184640645,12.090829154624457,Caerostris,darwini,1538125.0,urn:lsid:nmbe.ch:spidersp:043500,Unknown,Female,2018-10-25,Madagascar,15.0,0.217,0.084,8.21,1.02,1.15,0.23,30.5,6.2,212.0,275.0,296.0,28.0,38.0,1.6,3.47,0.11,4.8,45.5,3.8,3.0
269,7302-W1_S2,7302.0,DRR168615,livida,Nephilingis,Araneidae,17.281793445922915,16.2353714178474,7.417852514885898,11.081657316640287,11.074316228380832,12.14645573127181,11.54290000986521,Nephilingis,livida,2511332.0,urn:lsid:nmbe.ch:spidersp:043939,Unknown,Female,2018-10-25,Madagascar,25.0,0.25,0.057,13.1,1.6,1.9,0.2,23.7,2.9,236.0,292.0,309.0,30.0,51.9,6.2,3.96,0.19,4.6,27.2,9.0,3.0
270,7303-W1_S15,7303.0,DRR168616,livida,Nephilingis,Araneidae,17.250140255995706,16.577976893692867,7.22881869049588,11.421038007335168,11.415767011908024,11.035197661184732,11.510373980889144,Nephilingis,livida,2511332.0,urn:lsid:nmbe.ch:spidersp:043939,Unknown,Female,2018-10-25,Madagascar,25.0,0.181,0.052,8.78,2.15,1.63,0.17,22.5,5.6,223.0,282.0,303.0,33.0,45.4,6.0,3.86,0.2,4.9,,,3.0
271,7304-W1_S14,7304.0,DRR168619,livida,Nephilingis,Araneidae,16.936018297823388,16.33908557570635,7.260352879460974,10.815482215507249,10.813078555897324,11.884928837686727,10.884873712746526,Nephilingis,livida,2511332.0,urn:lsid:nmbe.ch:spidersp:043939,Unknown,Female,2018-10-25,Madagascar,24.0,0.39,0.127,16.9,6.52,2.97,0.17,21.4,6.0,236.0,290.0,307.0,35.0,40.9,11.6,3.37,0.43,5.8,22.1,2.5,3.0
272,7305-W1_S12,7305.0,DRR168620,livida,Nephilingis,Araneidae,18.470074708058352,16.99366280100834,7.507794640198696,13.136487474528574,13.13339884468862,12.04428631759467,11.821041029071274,Nephilingis,livida,2511332.0,urn:lsid:nmbe.ch:spidersp:043939,Unknown,Female,2018-10-25,Madagascar,25.0,0.131,0.049,9.93,2.82,1.55,0.16,15.7,4.2,231.0,289.0,307.0,24.0,52.9,3.7,3.51,0.14,5.3,,,3.0
273,7306-W1_S13,7306.0,DRR168621,livida,Nephilingis,Araneidae,18.79757090261964,18.477244088434052,7.7615515076867325,13.358385370557938,13.356185734311117,12.11463705452233,11.858731375882767,Nephilingis,livida,2511332.0,urn:lsid:nmbe.ch:spidersp:043939,Unknown,Female,2018-10-25,Madagascar,23.0,0.095,0.032,6.7,0.29,0.53,0.08,25.3,5.1,240.0,290.0,308.0,34.0,50.8,1.9,2.63,0.05,5.6,20.8,4.9,3.0
274,7320-W1_S10,7320.0,DRR168629,-,Cyrtophora,Araneidae,13.933553347419318,10.832221041011836,7.189824558880018,6.317462358588015,5.994416345273834,8.136468576111614,20.232509617945983,Cyrtophora,sp. (OTU0410),2511309.0,,Unknown,Female,2018-10-25,Madagascar,8.0,0.303,0.059,9.28,2.01,1.47,0.01,35.6,8.3,,,,33.0,51.8,2.8,1.2,0.03,,,,0.0
275,7322-W1_S1,7322.0,DRR168625,-,Cyrtophora,Araneidae,13.92464119286577,10.81644187289401,6.954196310386875,6.828925639943476,6.080810493953309,7.87212641957255,21.28294711195016,Cyrtophora,sp. (OTU0410),2511309.0,,Unknown,Female,2018-10-25,Madagascar,10.0,0.18,0.074,16.1,2.38,1.68,0.1,17.6,6.1,243.0,299.0,319.0,43.0,53.6,4.5,1.73,0.08,4.7,7.8,2.9,0.0
276,7324-W1_S11,7324.0,DRR168630,-,Cyrtophora,Araneidae,13.344337975430268,11.077539262986352,7.475733430966398,6.247927513443585,5.857980995127572,6.941626253183253,20.012147491568985,Cyrtophora,sp. (OTU0410),2511309.0,,Unknown,Female,2018-10-25,Madagascar,10.0,0.165,0.042,16.1,1.7,1.54,0.13,16.9,2.5,239.0,284.0,304.0,42.0,53.8,3.9,1.92,0.08,4.6,6.0,2.3,0.0
277,7354-W1_S12,7354.0,DRR168632,-,Gasteracantha,Araneidae,13.780904814892128,17.66228736075528,15.611454845600326,11.278087153400524,6.7463163946591695,14.660422991472029,20.68627375041031,Gasteracantha,sp. (OTU0635),2511311.0,,Unknown,Female,2018-10-25,Madagascar,,0.223,0.058,10.2,1.18,1.3,0.05,26.3,6.8,235.0,284.0,304.0,22.0,42.3,5.4,1.78,0.14,5.8,37.6,4.0,0.0
279,7389-W1_S5,7389.0,DRR168643,-,-,Araneidae,14.13788385128306,13.909141301586926,8.12458662228021,8.075928333987237,7.628146580563919,11.317253937633728,21.40688447839696,Gen.,sp. (OTU0673),2511324.0,,Unknown,Female,2018-10-26,Madagascar,12.0,0.144,0.07,12.9,1.65,1.57,0.25,17.7,5.6,232.0,286.0,305.0,25.0,38.7,2.6,2.25,0.07,6.3,45.0,4.5,0.0
280,7392-W1_S21,7392.0,DRR168645,-,-,Araneidae,14.252255255798568,14.272635912397766,8.600112686227755,8.948104952380039,8.070980668208339,11.8651256199918,21.288206856821912,Gen.,sp. (OTU0673),2511324.0,,Unknown,Female,2018-10-26,Madagascar,13.0,0.176,0.035,11.1,1.41,1.64,0.23,21.5,1.1,,,,,40.2,2.7,1.47,0.03,,,,0.0
282,7416-W1_S13,7416.0,DRR168635,-,Cyrtophora,Araneidae,15.090726444200016,11.542119644895646,6.94251450533924,7.290395742107925,7.061137750172229,8.745093316044183,21.64667652966988,Cyrtophora,sp. (OTU0804),2511314.0,,Unknown,Female,2018-10-27,Madagascar,15.0,0.142,0.049,14.0,2.25,1.63,0.05,16.5,6.1,222.0,293.0,317.0,28.0,54.3,2.7,2.49,0.06,3.6,,,0.0
283,7421-W1_S15,7421.0,DRR168623,extrusa,Caerostris,Araneidae,18.80302255402076,18.70273565107979,16.331774012423132,6.599912842187128,6.507794640198696,16.328388777015117,15.68077408623756,Caerostris,extrusa,172846.0,urn:lsid:nmbe.ch:spidersp:015477,Unknown,Female,2018-10-27,Madagascar,8.0,0.172,0.076,8.91,1.29,1.31,0.19,23.5,5.5,,,,23.0,45.3,2.1,1.45,0.04,,35.2,11.1,3.0
284,7426-W1_S6,7426.0,DRR168628,-,Acrosomoides,Araneidae,13.88814665356028,15.791845301294725,13.047342899123018,11.631631810464423,7.417852514885898,13.45812632187032,19.125547603871848,Acrosomoides,sp. (OTU0988),2511307.0,,Unknown,Female,2018-10-27,Madagascar,6.0,0.146,0.041,9.02,0.88,1.02,0.13,26.1,5.2,,,,25.0,33.6,2.0,2.23,0.04,,39.3,5.3,5.0
285,7439-W1_S16,7439.0,DRR168624,darwini,Caerostris,Araneidae,19.427562167042623,18.42877702942272,17.108083196512922,7.115458420645751,6.984872530075879,12.515837783854897,14.283276437261549,Caerostris,darwini,1538125.0,urn:lsid:nmbe.ch:spidersp:043500,Unknown,Female,2018-10-29,Madagascar,12.0,0.229,0.033,11.7,1.25,1.46,0.1,25.2,3.4,199.0,268.0,290.0,31.0,42.5,1.2,3.44,0.03,7.1,43.9,4.4,3.0
286,7441-W1_S4,7441.0,DRR168617,inaurata,Trichonephila,Araneidae,17.6646507892357,18.1417639432924,7.807354922057604,11.65388270166372,11.644900402344494,13.56237968602138,12.316639443916957,Trichonephila,inaurata,222470.0,urn:lsid:nmbe.ch:spidersp:013953,Unknown,Female,2018-10-29,Madagascar,38.0,0.166,0.022,11.1,2.15,1.35,0.18,21.1,1.3,235.0,285.0,304.0,24.0,47.5,9.7,6.69,0.63,5.8,43.3,3.6,3.0
