Orthogroup,ID,idv_id,DRR,species_x,Genus,Family,MaSp2,MaSp3,MaSp2B,MaSp3B,AcSp,AgSp1,AgSp2,PySp,CySp,Flag,Spidroin,sp.,family,genus,species_y,ncbi_tax_id,wsc_lsid,type_of_web,sex,sampled_at,country,size,toughness,toughness_sd,young's_modulus,young's_modulus_sd,tensile_strength,tensile_strength_sd,strain_at_break,strain_at_break_sd,one_percent_weightloss,five_percent_weightloss,ten_percent_weightloss,crystallinity,birefringence,birefringence_sd,diameter,diameter_sd,water_content,supercontraction,supercontraction_sd
Group,,,,,,,,,,,,,,,,,,,,,,,,,,,,,,,,,,,,,,,,,,,,,,,
geneName,,,,,,,,,,,,,,,,,,,,,,,,,,,,,,,,,,,,,,,,,,,,,,,
product,,,,,,,,,,,,,,,,,,,,,,,,,,,,,,,,,,,,,,,,,,,,,,,
lascID,,,,,,,,,,,,,,,,,,,,,,,,,,,,,,,,,,,,,,,,,,,,,,,
0,101-W7_S13,101.0,DRR296821,pilipes,Nephila,Araneidae,10.761444164044846,6.22881869049588,6.502760023479973,6.189824558880018,17.690335018939628,18.41055469833692,12.95758288214568,17.834720296278054,16.70230803268916,8.543031936289687,8.134326519238073,9.794748515910218,Araneidae,Nephila,pilipes,299642.0,urn:lsid:nmbe.ch:spidersp:013960,Unknown,Female,2014-12-08,Japan,,0.292,0.04,7.0,2.5,1.72,0.33,41.8,6.8,,,,26.0,39.6,10.4,2.75,0.09,,,
1,1345-W1_S7,1345.0,DRR296993,sia,Yaginumia,Araneidae,14.133827003874293,6.8578932741148595,7.721099188707185,6.5467809994194175,16.1278717013127,12.163335541197135,10.928522513099713,16.1425066258982,8.550746789538206,13.453588085372706,12.73987810623783,12.275560904261397,Araneidae,Yaginumia,sia,1112568.0,urn:lsid:nmbe.ch:spidersp:017156,Unknown,Female,2015-06-15,Japan,8.0,0.116,0.041,8.79,3.9,0.96,0.23,19.7,3.5,,,,15.0,65.0,10.3,1.19,0.08,,,
3,1793-W1_S4,1793.0,DRR297051,akirai,Cyrtarachne,Araneidae,18.00243185311558,8.146670061219924,8.539158811108031,7.509315999096762,15.690515205377043,17.00756682840067,14.567904588376868,16.687102773833402,19.864134913022014,19.284771969316523,14.093827024663698,13.822414861242796,Araneidae,Cyrtarachne,akirai,1463313.0,urn:lsid:nmbe.ch:spidersp:046730,Unknown,Female,2015-07-21,Japan,8.0,0.104,0.027,12.1,2.8,0.94,0.09,17.3,4.5,233.0,277.0,295.0,16.0,31.9,14.8,3.21,0.89,5.7,,
4,1894-W1_S12,1894.0,DRR296495,ishisawai,Araneus,Araneidae,16.95139655805932,12.675248278235463,10.220934897446723,6.459431618637297,18.485689960306853,16.971105614548694,13.925825346765551,18.04564797099125,20.622235162543998,17.440460332205355,10.918290628579848,14.197791362732668,Araneidae,Araneus,ishisawai,1112384.0,urn:lsid:nmbe.ch:spidersp:014949,Unknown,Female,2015-08-26,Japan,15.0,0.05,0.018,9.6,2.56,0.63,0.12,12.1,2.7,226.0,288.0,303.0,20.0,41.8,5.2,2.3,0.21,5.8,47.8,4.8
5,1974-W1_S8,1974.0,DRR297664,marmoreus,Araneus,Araneidae,16.132155993235898,12.890342639073669,10.4561092367484,6.5948306715527005,14.897904538997755,13.96793334040218,12.674289318105155,16.956247161944475,17.697270634133115,11.866389060462819,12.85418313510608,13.338418096834285,Araneidae,Araneus,marmoreus,336584.0,urn:lsid:nmbe.ch:spidersp:015005,Unknown,Female,2015-08-28,Japan,21.0,0.023,0.011,6.99,1.2,0.5,0.17,8.1,1.4,243.0,285.0,304.0,21.0,48.4,15.1,2.07,0.43,5.8,,
6,2015-W1_S8,2015.0,DRR297257,-,Orsinome,Tetragnathidae,10.448487530602916,6.022367813028454,8.312899244898011,6.022367813028454,6.3869676551922625,2.8091905518758864,9.594324799892465,4.857980995127572,8.335389014728868,10.161965338483162,6.754883227505163,17.737584459323596,Tetragnathidae,Orsinome,sp. (OTU0736),2337535.0,,Unknown,Female,2015-09-07,Malaysia,,0.086,0.025,7.64,2.6,0.94,0.1,18.2,2.6,,,,24.0,53.2,19.8,1.0,0.12,,,
7,2057-W1_S19,2057.0,DRR297669,multipuncta,Herennia,Araneidae,18.057554122127232,15.971454827587975,7.80111318305758,15.97127517459975,16.283377793988425,17.13028104550728,13.892163309861965,13.595956196320163,16.00261832778293,11.679649048563784,8.67885085524386,12.830110596992197,Araneidae,Herennia,multipuncta,941795.0,urn:lsid:nmbe.ch:spidersp:039408,Unknown,Female,2015-09-07,Malaysia,,0.117,0.059,12.1,3.9,1.27,0.47,15.4,4.3,214.0,271.0,296.0,20.0,50.8,15.0,2.14,0.36,4.9,40.7,1.7
8,2059-W1_S13,2059.0,DRR297832,dehaani,Parawixia,Araneidae,16.996066717511596,12.010178404020541,8.46054169776413,6.727920454563199,16.977770038335947,18.062109096743598,14.277670401996508,14.040207252557225,15.108241983698495,18.304981029267836,12.750452104370673,14.778856723730232,Araneidae,Parawixia,dehaani,2337571.0,urn:lsid:nmbe.ch:spidersp:016893,Unknown,Unknown,2015-09-07,Malaysia,,0.09,0.055,8.0,3.8,0.94,0.44,18.3,5.8,228.0,279.0,309.0,18.0,38.0,15.5,3.33,0.63,9.0,50.4,7.9
9,2156-W1_S9,2156.0,DRR297651,malabarensis,Nephilengys,Araneidae,17.086510471873904,15.678618724948072,7.066089190457772,15.677070059097506,15.46983257446691,16.896833111975027,13.155799217714211,13.926574000942129,3.0,15.02929520817464,11.490676574335774,13.35524837069323,Araneidae,Nephilengys,malabarensis,593433.0,urn:lsid:nmbe.ch:spidersp:013993,Unknown,Unknown,2015-09-08,Malaysia,,0.109,0.025,12.3,3.3,1.12,0.11,17.6,4.7,219.0,287.0,309.0,23.0,49.5,22.8,1.57,0.32,2.9,23.9,7.5
10,2158-W1_S10,2158.0,DRR297122,-,Argiope,Araneidae,15.045349958063875,5.169925001442312,6.965784284662087,5.129283016944966,16.110664132095177,11.894858230336293,7.442943495848728,8.086096513868426,15.678462339848329,10.61765232413523,11.257712964690237,19.253065821951555,Araneidae,Argiope,sp. (OTU1080),2337307.0,,Unknown,Female,2015-09-08,Malaysia,,0.082,0.025,9.51,2.11,1.02,0.15,16.3,3.2,222.0,275.0,296.0,30.0,37.1,1.5,4.26,0.07,8.1,60.4,3.1
11,2174-W1_S20,2174.0,DRR296744,moluccensis,Cyrtophora,Araneidae,19.219364767649832,6.794415866350106,12.465636359538731,6.409390936137702,17.945197932022285,7.554588851677638,6.768184324776926,14.786509274027551,17.279741020996934,8.974415657628917,10.32170447109666,17.198757501048743,Araneidae,Cyrtophora,moluccensis,299645.0,urn:lsid:nmbe.ch:spidersp:015827,Unknown,Female,2015-09-08,Malaysia,,0.1,0.063,10.9,1.3,0.66,0.15,21.8,9.7,243.0,290.0,311.0,17.0,40.2,6.4,2.18,0.15,7.1,12.3,3.4
12,2214-W1_S13,2214.0,DRR296943,nautica,Neoscona,Araneidae,19.16068898544064,14.138366489128256,8.224001674198105,6.189824558880018,15.873553723358759,14.988055480009468,14.5432108467107,16.277689168827354,16.964678051248477,19.122039996607278,13.72728940970005,14.136256499194989,Araneidae,Neoscona,nautica,258338.0,urn:lsid:nmbe.ch:spidersp:016729,Unknown,Female,2015-09-13,Japan,11.0,0.203,0.032,9.4,2.73,1.34,0.17,29.2,2.1,205.0,261.0,289.0,28.0,41.3,5.6,1.18,0.04,5.2,,
13,2566-W1_S4,2566.0,DRR297813,theisi,Neoscona,Araneidae,16.24427908608458,13.154792483270233,7.169925001442312,5.930737337562887,17.361916681669793,15.766670315211252,12.194979274201016,14.42841926126789,17.129021646482443,16.96467620043393,14.987525237400401,14.60213981182111,Araneidae,Neoscona,theisi,1112448.0,urn:lsid:nmbe.ch:spidersp:016763,Unknown,Female,2015-10-14,Japan,7.0,0.076,0.073,6.68,1.2,0.76,0.25,16.0,3.7,197.0,263.0,298.0,18.0,36.8,5.8,1.19,0.06,5.1,,
14,2590-W1_S5,2590.0,DRR297063,reticuloides,Meta,Tetragnathidae,14.815619813083146,5.64620987238312,7.442943495848728,5.462105960656977,4.523561956057013,15.135787549786746,11.291746280833939,12.447342598634437,16.70282155708025,16.774530210476257,11.782396905618091,13.664308761246824,Tetragnathidae,Zhinu,reticuloides,2337810.0,urn:lsid:nmbe.ch:spidersp:013894,Unknown,Female,2015-10-14,Japan,6.0,0.064,0.01,10.0,1.5,0.86,0.16,16.2,1.5,199.0,257.0,289.0,26.0,52.9,11.2,0.92,0.03,4.7,,
15,2658-W1_S21,2658.0,DRR297180,columnaris,Poltys,Araneidae,18.387091852213445,8.019856837962774,9.083630902073825,7.672425341971495,5.044394119358453,16.45428211489782,13.401083923451429,16.669757767900602,16.512273518007486,17.863115261259427,13.139416621673892,16.57341848685647,Araneidae,Poltys,columnaris,2337615.0,urn:lsid:nmbe.ch:spidersp:016947,Unknown,Female,2015-10-20,Japan,6.0,0.292,0.02,19.1,5.6,2.4,0.05,20.9,1.1,247.0,292.0,314.0,27.0,58.8,6.4,3.6,0.13,7.8,41.9,10.1
16,2664-W1_S15,2664.0,DRR297356,ikomosanensis,Cyrtophora,Araneidae,18.782839147060386,6.672425341971495,8.447687502053281,6.426264754702098,19.15453917023899,7.272732408580301,6.569855760193576,16.19107352276243,20.09396595817379,8.913631809829171,11.181304954712088,16.358754644452866,Araneidae,Cyrtophora,ikomosanensis,891969.0,urn:lsid:nmbe.ch:spidersp:043614,Unknown,Female,2015-10-21,Japan,19.0,0.198,0.043,16.6,5.3,1.18,0.27,25.0,4.0,259.0,291.0,307.0,15.0,28.4,3.9,2.07,0.16,3.6,10.6,1.2
17,2674-W1_S16,2674.0,DRR296692,praedonia,Tetragnatha,Tetragnathidae,16.808645207731974,7.266787009102306,7.531381460516312,6.149747119504682,12.215835864361592,17.382826543983512,14.300068252754517,7.0552826090584775,14.913123213170973,16.391895262592822,13.850934685263672,14.057152936237589,Tetragnathidae,Tetragnatha,praedonia,1112494.0,urn:lsid:nmbe.ch:spidersp:014321,Unknown,Female,2015-10-21,Japan,12.0,0.079,0.013,6.36,2.0,0.67,0.01,21.3,5.8,,,,,35.4,14.9,0.87,0.08,,,
18,2801-W1_S5,2801.0,DRR297599,nitens,Tetragnatha,Tetragnathidae,14.517676979370574,6.599912842187128,8.027565789974542,6.569855608330948,11.730893755202889,17.215644743065468,14.271890904448105,4.459431880945463,11.413541311836875,16.291530033810616,8.660376849671122,13.576474583594692,Tetragnathidae,Tetragnatha,nitens,545214.0,urn:lsid:nmbe.ch:spidersp:014279,Unknown,Female,2015-11-20,Japan,12.0,0.114,0.04,13.7,1.5,1.35,0.15,16.5,4.5,,,,21.0,36.3,12.8,0.81,0.07,,,
20,30-W22_S17,30.0,DRR296742,brevispina,Thelacantha,Araneidae,13.240630319593905,6.4093910040292315,12.52783256555479,6.35755207499345,11.618385502717478,15.396809434290951,11.837510513326134,9.640388999665573,7.960002011232811,9.601771716782599,7.857231705331634,11.400995953534693,Araneidae,Thelacantha,brevispina,1508453.0,urn:lsid:nmbe.ch:spidersp:017085,Unknown,Female,2014-12-08,Japan,,0.09,0.013,3.15,0.7,0.52,0.08,36.1,7.5,,,,,18.7,2.8,4.63,0.48,,,
21,316-W1_S6,316.0,DRR296524,pinguis,Araneus,Araneidae,16.53445301402352,12.784237219619628,7.221302517368585,6.169925001442312,14.937476413143985,13.686991945394151,10.386784689817135,15.704675623031731,18.657156821059555,12.098564176512115,14.559504898900487,13.523001217841621,Araneidae,Araneus,pinguis,2337295.0,urn:lsid:nmbe.ch:spidersp:015114,Unknown,Female,2014-10-09,Japan,,0.121,0.036,4.2,0.7,0.99,0.47,53.2,3.7,227.0,286.0,306.0,23.0,38.1,11.3,2.54,0.25,7.7,,
22,324-W1_S3,324.0,DRR296820,yaginumai,Araniella,Araneidae,15.62010383713046,14.6049620019352,6.984868472728633,6.190660091861382,17.1475802630709,10.190270386448896,9.375039427001457,14.540590661754482,3.6750401894005407,15.968165888221352,11.980054516962726,14.656801183617606,Araneidae,Araniella,yaginumai,1112389.0,urn:lsid:nmbe.ch:spidersp:038307,Unknown,Unknown,2014-10-09,Japan,,0.161,0.078,11.6,3.8,1.2,0.49,24.5,3.6,,,,,51.5,12.7,1.2,0.08,,,
23,327-W1_S13,327.0,DRR297052,mellotteei,Neoscona,Araneidae,16.62744605792106,13.192839896442837,6.442943495848728,5.634268567445277,15.911625664430002,17.119911427493978,13.937524114370586,16.28868486133255,16.48831450664224,16.554561275029563,10.913983146129905,14.925490427922874,Araneidae,Neoscona,mellotteei,1968900.0,urn:lsid:nmbe.ch:spidersp:016721,Unknown,Unknown,2014-10-09,Japan,,0.134,0.06,5.21,2.1,0.87,0.25,27.4,11.2,,,,,41.5,6.8,1.23,0.06,,,
24,329-W1_S5,329.0,DRR296490,sia,Yaginumia,Araneidae,6.9420325377677115,4.523561976619369,4.392317422778761,4.459431640134306,3.4594316186372973,3.9068901860379177,2.5849622602719626,1.999998585368255,3.169925003105884,5.129283222574337,7.475733430966398,6.992062078140899,Araneidae,Yaginumia,sia,1112568.0,urn:lsid:nmbe.ch:spidersp:017156,Unknown,Unknown,2014-10-09,Japan,,0.086,0.013,5.48,1.2,0.65,0.14,22.5,5.0,216.0,278.0,301.0,31.0,41.7,13.1,1.91,0.21,4.1,,
25,329-W2_S6,329.0,DRR296798,sia,Yaginumia,Araneidae,13.521228981224201,4.392326353720417,4.807354922057604,3.9068905956085187,13.724300839502174,13.714572175964825,12.518436681580217,13.714349631621692,6.700439856861763,12.403806390403998,9.803107070186119,9.284277247831149,Araneidae,Yaginumia,sia,1112568.0,urn:lsid:nmbe.ch:spidersp:017156,Unknown,Unknown,2014-10-09,Japan,,0.086,0.013,5.48,1.2,0.65,0.14,22.5,5.0,216.0,278.0,301.0,31.0,41.7,13.1,1.91,0.21,4.1,,
26,3306-W1_S13,3306.0,DRR296560,exanthematica,Cyrtophora,Araneidae,20.024947929083538,7.807354922057604,8.150046543255552,6.569855608330948,17.88230420463086,4.754887502163468,5.584962500721156,16.099912198096252,19.346452844800925,6.169925001442312,8.562829316612785,16.36615312788532,Araneidae,Cyrtophora,exanthematica,1538126.0,urn:lsid:nmbe.ch:spidersp:015813,Unknown,Female,2016-04-15,Japan,10.0,0.074,0.04,7.1,2.82,0.81,0.29,17.0,3.2,261.0,297.0,314.0,20.0,42.1,4.1,3.19,0.19,4.8,11.2,6.4
27,3366-W1_S6,3366.0,DRR297406,octotuberculata,Cyclosa,Araneidae,16.876686514900502,16.98780835839929,11.921557070054817,5.459431618637297,16.30360311968275,13.075813357482485,10.354616713226251,12.07011698544779,4.0,15.950889695080265,13.257451382735956,14.85561685020833,Araneidae,Cyclosa,octotuberculata,1112407.0,urn:lsid:nmbe.ch:spidersp:015669,Unknown,Female,2016-05-12,Japan,9.0,0.165,0.045,8.85,1.35,1.34,0.17,19.4,3.1,213.0,253.0,295.0,,42.7,13.0,0.97,0.12,5.9,,
30,3393-W1_S6,3393.0,DRR297292,praedonia,Tetragnatha,Tetragnathidae,16.750379554170603,7.509498933275366,8.370864529246514,6.55458884192551,13.145586730846047,16.011968338366053,13.288866708444075,5.807354922057604,16.031788524356923,18.087036979082306,12.33759368903472,14.199898765649829,Tetragnathidae,Tetragnatha,praedonia,1112494.0,urn:lsid:nmbe.ch:spidersp:014321,Unknown,Female,2016-05-12,Japan,7.0,0.077,0.02,8.61,2.3,0.87,0.11,16.6,2.2,,,,,33.7,9.4,1.25,0.09,,,
31,3416-W1_S7,3416.0,DRR296605,latifolius,Takayus,Theridiidae,18.120263774110335,10.4908302136703,8.968666793195208,8.239869525216326,16.228499451919955,16.38206594823641,9.04712363939282,16.031101907530427,11.166163372439886,9.972897859047581,9.79599684713937,16.875540637106422,Theridiidae,Takayus,latifolius,1112489.0,urn:lsid:nmbe.ch:spidersp:008469,Unknown,Female,2016-05-12,Japan,4.0,0.116,0.053,14.9,6.6,1.45,0.55,14.8,2.6,,,,13.0,34.7,11.4,0.47,0.1,,23.9,0.9
32,3469-W1_S8,3469.0,DRR296564,acusisetus,Araneus,Araneidae,17.567453060619933,16.286083366961563,8.625708843064466,7.167217419116357,18.732301875848858,16.55850678445956,15.015983167648212,12.093780120583514,19.132861240793673,18.316207108118597,15.738616927794517,15.951887190756626,Araneidae,Araneus,acusisetus,1112381.0,urn:lsid:nmbe.ch:spidersp:014661,Unknown,Female,2016-05-13,Japan,4.0,0.053,0.017,3.26,0.35,0.5,0.06,19.7,5.3,,,,11.0,39.2,12.7,1.23,0.12,,,
33,3477-W1_S9,3477.0,DRR296942,tepidariorum,Parasteatoda,Theridiidae,18.916131992138297,7.543942248675783,8.912889336229961,6.708983147879101,14.534056147554402,12.146251154797614,8.734709620225837,14.392175363592479,13.081483786754974,11.349181759378364,9.223759803296465,13.730054360147443,Theridiidae,Parasteatoda,tepidariorum,114398.0,urn:lsid:nmbe.ch:spidersp:006870,Unknown,Female,2016-05-14,Japan,8.0,0.144,0.034,9.46,1.49,0.79,0.17,18.8,2.4,,,,10.0,40.1,7.6,2.43,0.17,,39.1,2.2
34,3480-W1_S10,3480.0,DRR297183,abrupta,Enoplognatha,Theridiidae,11.927012309442171,7.492736957138537,8.918863237274595,6.894817763307944,10.883637100035223,14.03091473038043,8.558421095946343,16.453616774657252,18.843268221853364,10.387820613226745,8.963836828757517,19.058064480858285,Theridiidae,Enoplognatha,abrupta,2337400.0,urn:lsid:nmbe.ch:spidersp:008013,Unknown,Female,2016-05-14,Japan,7.0,0.074,0.022,10.0,2.4,0.81,0.04,14.2,3.6,,,,18.0,39.7,4.3,1.37,0.06,,10.8,6.7
35,3534-W1_S7,3534.0,DRR297205,sia,Yaginumia,Araneidae,16.250574008018173,5.809041373926177,6.930737337562887,5.410460170891247,14.982724508647971,15.169142764482116,12.836691018383272,15.008123908108068,16.679901462572644,15.869516196291704,13.842229748022259,12.498006673918761,Araneidae,Yaginumia,sia,1112568.0,urn:lsid:nmbe.ch:spidersp:017156,Unknown,Female,2016-05-17,Japan,10.0,0.106,0.036,10.1,2.7,0.97,0.11,16.7,3.5,,,,9.0,52.3,8.0,0.87,0.04,,,
36,3541-W1_S21,3541.0,DRR297501,culicivora,Parasteatoda,Theridiidae,18.13847909337881,7.279350474161854,7.569855608330948,6.8507461710168185,12.579294206468694,11.366883418481718,5.584962500721156,13.128798891734025,14.766892383965079,12.1345709201125,10.656064001980502,18.031146899754273,Theridiidae,Parasteatoda,culicivora,1112456.0,urn:lsid:nmbe.ch:spidersp:006770,Unknown,Female,2016-05-18,Japan,4.0,0.181,0.042,16.6,4.2,1.84,0.36,17.9,2.2,,,,2.0,88.5,19.2,0.57,0.06,,,
37,3545-W1_S22,3545.0,DRR297415,argenteoalba,Cyclosa,Araneidae,19.209996755964635,12.939579508201376,14.793038835360464,6.475733430966398,16.55184212670951,15.69910756694322,12.630852625700614,16.01092224282899,17.360410575053457,15.855745887979458,13.029672381999061,14.876054432235552,Araneidae,Cyclosa,argenteoalba,345692.0,urn:lsid:nmbe.ch:spidersp:015571,Unknown,Female,2016-05-18,Japan,6.0,0.142,0.028,15.9,8.5,1.46,0.33,17.9,5.8,,,,,63.1,10.3,0.6,0.04,,,
40,3590-W1_S13,3590.0,DRR296546,sachalinensis,Plebs,Araneidae,18.052930960516328,8.091618421984029,12.450337212534107,7.481444263017752,18.236209944092074,15.900163399504285,14.112744152754223,16.7612561205138,15.560272885824267,18.34947171638466,13.736502892567442,16.44933158804585,Araneidae,Plebs,sachalinensis,2337611.0,urn:lsid:nmbe.ch:spidersp:015887,Unknown,Female,2016-05-19,Japan,5.0,0.215,0.054,8.11,1.27,2.12,0.34,19.8,2.3,,,,,51.8,10.7,0.41,0.06,,,
42,3605-W1_S15,3605.0,DRR296536,cylindrogaster,Ariamnes,Theridiidae,12.534157720917287,8.405141463676934,9.262094845370179,7.994353437577524,11.243768933454037,9.816983986328255,8.618385127818623,15.055458848095302,17.218591458934544,11.005415772415402,10.380706171682704,18.31688382287509,Theridiidae,Ariamnes,cylindrogaster,1112391.0,urn:lsid:nmbe.ch:spidersp:007025,Unknown,Female,2016-05-19,Japan,27.0,0.093,0.033,7.05,1.41,0.79,0.14,20.6,3.7,,,,27.0,35.6,6.2,1.26,0.05,,,
44,3630-W1_S17,3630.0,DRR296662,ocula,Argiope,Araneidae,17.900701467589155,10.320800548881637,8.836050355982714,7.022367813028454,19.399633850337107,15.818736470656722,13.800139081040902,16.37859158186461,11.99152098462494,17.981400459023394,14.210957220559358,14.731605189854617,Araneidae,Argiope,ocula,716557.0,urn:lsid:nmbe.ch:spidersp:015393,Unknown,Female,2016-06-20,Japan,10.0,0.096,0.032,7.2,0.3,1.01,0.13,19.7,2.8,,,,4.0,32.6,1.2,4.46,0.08,,,
45,3631-W1_S18,3631.0,DRR297930,laticauda,Cyclosa,Araneidae,18.090781225340663,17.397562421012562,10.501746085286403,7.357552004618084,16.70761014710462,15.57828460324843,14.463573827833288,14.25223479872167,14.091379494669775,16.567023767364553,13.003644861519062,14.647435180341276,Araneidae,Cyclosa,laticauda,1112405.0,urn:lsid:nmbe.ch:spidersp:015644,Unknown,Female,2016-06-20,Japan,7.0,0.103,0.03,8.02,2.02,0.94,0.11,21.9,2.1,,,,27.0,36.3,4.2,1.96,0.12,,35.5,6.9
46,3653-W1_S8,3653.0,DRR296802,aetheroides,Argiope,Araneidae,16.668486639335754,5.169925001442312,7.459431618637297,5.169925001442312,19.04161886227006,16.026919449138692,12.373268107054855,13.570850673652327,16.456023821015595,17.03047459289674,14.734271245437851,17.371257054777516,Araneidae,Argiope,aetheroides,716551.0,urn:lsid:nmbe.ch:spidersp:015343,Unknown,Female,2016-06-20,Japan,15.0,0.112,0.038,7.06,1.08,0.89,0.13,24.3,5.2,217.0,278.0,298.0,30.0,39.9,9.8,2.87,0.34,3.0,36.7,7.2
47,3656-W1_S19,3656.0,DRR297961,nautica,Neoscona,Araneidae,17.59638079696158,14.745227247189858,8.909893083770042,7.118941072723508,16.482442958842867,16.09577505950087,15.705979285656781,17.293123063048473,19.30921395891432,16.54621793744633,15.018480027116611,14.740601740826062,Araneidae,Neoscona,nautica,258338.0,urn:lsid:nmbe.ch:spidersp:016729,Unknown,Female,2016-06-21,Japan,8.0,0.05,0.014,6.33,0.26,0.7,0.08,13.1,1.5,210.0,273.0,291.0,21.0,34.3,9.5,2.09,0.31,2.4,31.6,11.5
48,3681-W1_S20,3681.0,DRR296576,subpullata,Neoscona,Araneidae,14.357962627051107,15.813227794513171,8.682994583681683,7.312882955284356,18.2959366494194,17.488131715910892,14.48132949931423,15.896910233580718,11.875188205603713,16.902228368852587,12.490490297816311,14.77706933442633,Araneidae,Neoscona,subpullata,1112447.0,urn:lsid:nmbe.ch:spidersp:016761,Unknown,Female,2016-06-21,Japan,5.0,0.083,0.017,6.31,0.54,0.8,0.02,18.6,3.7,,,,20.0,51.7,11.0,1.16,0.11,,,
49,3737-W1_S21,3737.0,DRR296901,ryukyu,Parasteatoda,Theridiidae,18.868064611742934,7.834073487755552,8.729971433855354,7.110479238264776,13.99764775904157,12.424998434221132,8.632995211351869,14.880313490825628,13.335947396835106,12.468197124597076,10.047376298802751,14.955263984857545,Theridiidae,Parasteatoda,ryukyu,2337566.0,urn:lsid:nmbe.ch:spidersp:037042,Unknown,Female,2016-06-21,Japan,3.0,0.058,0.015,5.74,2.12,0.62,0.09,15.2,1.4,,,,5.0,30.1,18.7,1.26,0.32,,,
52,3767-W1_S24,3767.0,DRR296956,confusa,Cyclosa,Araneidae,16.566804528077697,10.342941269547815,13.542440647442227,6.879949788486957,15.933098966846508,15.13257730031959,15.710955053411427,15.357550022560464,17.99194283359514,15.592922043549873,9.316632685152884,14.574460799340807,Araneidae,Cyclosa,confusa,1112402.0,urn:lsid:nmbe.ch:spidersp:015594,Unknown,Female,2016-06-22,Japan,8.0,0.05,0.017,5.29,2.08,0.64,0.16,16.3,0.9,,,,,37.9,6.5,1.17,0.05,,,
53,3793-W1_S12,3793.0,DRR297109,zilloides,Metazygia,Araneidae,15.216098849498522,5.459431623255889,6.554588851677638,5.357552009574621,14.771233075353303,14.554286855018713,9.951284714966972,15.140989344352965,13.57080449226425,15.211627002465312,13.382086981123472,12.82449737318499,Araneidae,Metazygia,zilloides,2337760.0,urn:lsid:nmbe.ch:spidersp:016493,Unknown,Female,2016-06-30,United States,,0.31,0.076,19.0,6.28,2.52,0.25,23.6,5.0,,,,6.0,61.6,10.5,0.36,0.03,,,
54,3796-W1_S21,3796.0,DRR297908,cancriformis,Gasteracantha,Araneidae,17.92377949415641,9.232929078869597,13.709600132148106,6.26105874055119,17.29442037209737,14.438073967360067,11.167719198601075,14.696754091115453,16.692878372992364,15.581942011830721,14.463295331862676,17.63260354702146,Araneidae,Gasteracantha,cancriformis,472970.0,urn:lsid:nmbe.ch:spidersp:016007,Unknown,Female,2016-06-30,United States,,0.147,0.048,8.62,1.5,1.03,0.18,26.9,4.3,239.0,289.0,308.0,24.0,31.1,4.8,2.56,0.24,5.6,,
55,3798-W1_S22,3798.0,DRR297871,sagittata,Micrathena,Araneidae,19.37826456429043,6.94251450533924,9.681003941602063,6.459431618637297,13.42992978002111,12.185496472830732,9.727920452861907,6.1292820576554945,17.6140793117928,14.76270747029063,11.252824287505378,13.483641493774378,Araneidae,Micrathena,sagittata,1481434.0,urn:lsid:nmbe.ch:spidersp:016617,Unknown,Female,2016-06-30,United States,,0.141,0.031,15.5,3.5,1.04,0.1,20.8,5.3,253.0,282.0,296.0,21.0,43.2,9.5,0.95,0.03,4.9,43.9,7.3
56,3799-W1_S24,3799.0,DRR297777,argyra,Leucauge,Tetragnathidae,15.777390953858008,6.950941808269636,8.308339030139408,6.35262789139422,10.712527725226243,13.685078110643381,12.116019207828057,14.246199924407115,15.878457018212499,14.439050915275727,9.414603411011178,11.608640411521321,Tetragnathidae,Leucauge,argyra,472971.0,urn:lsid:nmbe.ch:spidersp:013682,Unknown,Female,2016-06-30,United States,9.0,0.171,0.057,11.9,2.4,1.19,0.25,26.3,5.6,,,,12.0,44.3,4.2,1.37,0.05,,,
57,3801-W1_S1,3801.0,DRR297299,sagittata,Micrathena,Araneidae,20.174207572016737,8.059555373641276,11.577116948429719,7.881352605227182,14.65178047094548,13.625818637680743,12.116343928195203,6.777524514364618,10.74986945363532,16.51917080720026,13.400047065586705,15.58388259682456,Araneidae,Micrathena,sagittata,1481434.0,urn:lsid:nmbe.ch:spidersp:016617,Unknown,Female,2016-06-30,United States,,0.153,0.038,9.54,1.9,1.1,0.08,24.5,7.9,,,,13.0,32.1,7.9,1.67,0.06,,,
58,3819-W1_S13,3819.0,DRR297616,bicentenarius,Araneus,Araneidae,15.981835821183068,12.486249633609109,11.949221384885856,5.491853096329675,18.414366457094232,16.61707743409972,15.443160821513226,15.870774443962903,18.087727735171505,15.966599079935193,12.464713341818042,14.682744414209097,Araneidae,Araneus,bicentenarius,29013.0,urn:lsid:nmbe.ch:spidersp:014742,Unknown,Female,2016-07-01,United States,22.0,0.112,0.067,7.93,2.7,1.23,0.43,18.4,4.3,243.0,292.0,309.0,23.0,40.8,3.8,5.37,0.13,8.6,55.7,4.5
59,3830-W1_S2,3830.0,DRR297130,clavipes,Trichonephila,Araneidae,18.907823200655777,17.61523800315683,8.265364785750307,17.61393683566382,15.563432189352218,15.94694830288278,11.567953914875858,14.20598912913836,11.579167951699224,17.22382600167971,8.977832459623036,13.764079942720185,Araneidae,Trichonephila,clavipes,6915.0,urn:lsid:nmbe.ch:spidersp:013943,Unknown,Male,2016-07-01,United States,6.0,0.131,0.036,10.4,2.86,1.56,0.24,17.1,3.2,,,,12.0,58.9,12.6,0.8,0.04,,,
60,3835-W1_S3,3835.0,DRR296836,-,Parasteatoda,Theridiidae,11.970498021572515,11.401944737742634,8.741466986401146,7.179909116808627,10.28886542950818,9.387223261615773,7.930736746294306,7.296720409096254,11.131214061383586,10.015414520899492,11.355663677516532,18.463304496118432,Theridiidae,Parasteatoda,sp. (OTU0819),2337568.0,,Unknown,Female,2016-07-01,United States,7.0,0.131,0.036,10.4,2.86,0.81,0.08,8.9,2.0,209.0,258.0,282.0,24.0,37.2,7.2,2.25,0.25,8.6,,
62,3857-W1_S14,3857.0,DRR297931,-,Neoscona,Araneidae,13.012679475952698,12.572752633351008,9.050288093441605,5.584962500721156,13.184242530466122,9.865985366355138,9.620826304533205,12.747884079035131,6.894817884542816,11.044766319007843,11.404890826444399,19.339982359485358,Araneidae,Neoscona,sp. (OTU0133),2337506.0,,Unknown,Female,2016-07-01,United States,10.0,0.13,0.014,6.84,1.52,0.97,0.13,30.8,4.3,248.0,294.0,309.0,22.0,30.6,7.9,2.07,0.41,3.8,,
63,3860-W1_S15,3860.0,DRR296658,-,Neoscona,Araneidae,14.2448897904359,12.322266271206692,8.053518775087815,5.754887502163468,13.451487319044821,10.553798838536029,9.659386218729669,14.453504845924245,6.569855608330948,12.251211477353687,12.280553513936722,20.610193440381316,Araneidae,Neoscona,sp. (OTU0133),2337506.0,,Unknown,Male,2016-07-01,United States,10.0,0.087,0.028,24.1,9.16,1.68,0.36,8.7,0.5,203.0,273.0,297.0,25.0,28.3,7.3,1.28,0.17,8.1,,
64,3868-W1_S16,3868.0,DRR297713,lemniscata,Mecynogea,Araneidae,16.20040811971048,6.8579809924038635,6.475733430966398,6.40939093242064,15.54721409753375,3.169925001442312,7.994353436858858,15.408212271846503,19.090708038488444,6.620732136675166,9.248911668229727,13.977766414265194,Araneidae,Mecynogea,lemniscata,329906.0,urn:lsid:nmbe.ch:spidersp:016398,Unknown,Female,2016-07-02,United States,7.0,0.077,0.051,7.63,3.58,1.01,0.33,11.2,2.2,215.0,285.0,316.0,24.0,54.6,7.9,0.69,0.02,4.5,,
65,3875-W1_S1,3875.0,DRR297497,lemniscata,Mecynogea,Araneidae,18.745802979341775,6.169924991581011,7.417852514885898,5.672425328049658,16.331268168731295,6.392317424219214,9.490850876740298,15.676544270132974,8.897843907451513,9.02790493540049,9.61827202370026,12.99350955808828,Araneidae,Mecynogea,lemniscata,329906.0,urn:lsid:nmbe.ch:spidersp:016398,Unknown,Unknown,2016-07-02,United States,6.0,0.152,0.005,7.76,2.11,1.4,0.16,17.6,3.2,,,,9.0,28.4,7.4,0.75,0.03,,,
67,3883-W1_S18,3883.0,DRR297535,cornutus,Larinioides,Araneidae,15.402329139686199,11.262736578558284,10.224001312318032,5.20945336562895,15.29653588192912,14.8659276316622,12.630607390261009,13.613903800658994,17.411883353584923,15.610848082107934,10.110915622894055,11.804651480279658,Araneidae,Larinioides,cornutus,336591.0,urn:lsid:nmbe.ch:spidersp:016288,Unknown,Female,2016-07-02,United States,14.0,0.139,0.017,15.4,3.09,1.82,0.12,15.3,1.3,224.0,281.0,300.0,24.0,36.5,0.8,2.84,0.02,9.9,34.1,3.4
68,3897-W1_S20,3897.0,DRR296775,anastera,Eustala,Araneidae,17.761795230130733,6.6268683768257075,7.473111472257916,6.5365098885681014,17.638866724133685,17.278658246393437,13.538627349061148,13.368156366323593,16.4683535759119,17.096036414106894,11.045254980875528,14.940233797276521,Araneidae,Eustala,anastera,336652.0,urn:lsid:nmbe.ch:spidersp:015911,Unknown,Female,2016-07-02,United States,7.0,0.025,0.008,4.21,0.52,0.45,0.17,9.9,1.3,,,,,40.9,5.8,1.25,0.08,,,
69,3899-W1_S21,3899.0,DRR297394,-,Neoscona,Araneidae,14.362768773263321,11.850490570937732,8.161605916268366,5.426264754715518,13.473543623939076,10.99552297708428,9.124292814288973,14.047689460749424,3.9068905956085187,12.748266467495453,12.353297859876474,20.36604479568133,Araneidae,Neoscona,sp. (OTU0133),2337506.0,,Unknown,Female,2016-07-02,United States,11.0,0.046,0.008,4.23,0.31,0.59,0.05,17.0,0.6,227.0,278.0,297.0,20.0,33.4,5.0,2.07,0.02,12.3,,
70,3900-W1_S22,3900.0,DRR297665,anastera,Eustala,Araneidae,14.747196576595254,5.614709844115208,6.741466986401147,5.523561956057013,16.936951972194812,15.544904080413898,11.338736382573916,13.94663103804564,18.6516368542649,15.45318105997447,9.776945130423591,13.27072449814509,Araneidae,Eustala,anastera,336652.0,urn:lsid:nmbe.ch:spidersp:015911,Unknown,Female,2016-07-02,United States,9.0,0.106,0.019,8.17,1.19,0.91,0.07,18.0,3.7,,,,12.0,37.4,9.6,1.19,0.14,,,
72,3910-W1_S4,3910.0,DRR297297,tepidariorum,Parasteatoda,Theridiidae,17.96782919391831,7.018457253346085,8.189824558880018,6.22203363514722,12.068773644831357,11.923084394598352,8.764868274191954,13.241238886374077,12.480032776931223,11.109352140291431,9.049810467242999,13.158013482349384,Theridiidae,Parasteatoda,tepidariorum,114398.0,urn:lsid:nmbe.ch:spidersp:006870,Unknown,Female,2016-07-02,United States,7.0,0.159,0.013,17.3,3.92,1.65,0.17,15.9,2.6,198.0,264.0,292.0,10.0,44.7,5.5,1.67,0.13,11.7,,
74,3943-W1_S1,3943.0,DRR297033,-,Tetragnatha,Tetragnathidae,13.035972844646867,7.339849735718852,7.39013885494641,7.321927824382017,3.9068905956085187,8.08857705722022,10.318906180739202,1.584962500721156,7.804504782472029,7.939279309983861,10.82145278287477,18.477507935502157,Tetragnathidae,Tetragnatha,sp. (OTU0935),2337675.0,,Unknown,Female,2016-07-03,United States,11.0,0.148,0.037,4.89,3.69,1.3,0.14,23.8,3.4,,,,12.0,44.6,10.3,0.79,0.05,,,
75,3959-W1_S4,3959.0,DRR297125,labyrinthea,Metepeira,Araneidae,16.659943300249463,7.794416127834861,7.179909487999718,7.707359409830238,15.845766235930945,14.578215431861366,11.076815597050832,13.194910717275365,1.584962500721156,13.373044514885454,10.787895377133545,15.0620559851237,Araneidae,Metepeira,labyrinthea,472973.0,urn:lsid:nmbe.ch:spidersp:016515,Unknown,Unknown,2016-07-04,United States,4.0,0.126,0.042,4.04,1.51,1.26,0.15,20.3,2.5,263.0,292.0,307.0,10.0,61.7,11.3,0.7,0.03,15.6,,
76,3964-W1_S5,3964.0,DRR296814,tepidariorum,Parasteatoda,Theridiidae,17.57456526069596,7.861022485896649,6.9886846867721655,7.573568564151144,12.60221772950198,12.184780461209227,5.169925001442312,11.11178705128671,13.06791340084434,10.646558797454245,7.131702344791159,13.623959946194017,Theridiidae,Parasteatoda,tepidariorum,114398.0,urn:lsid:nmbe.ch:spidersp:006870,Unknown,Female,2016-07-04,United States,7.0,0.196,0.045,9.12,2.02,1.35,0.25,24.8,2.5,,,,12.0,40.5,4.0,1.32,0.03,,,
78,4023-W1_S4,4023.0,DRR296634,punctigera,Neoscona,Araneidae,19.951288673591744,16.71000214144724,9.648313536441986,9.879110326510963,20.31082577495819,18.390698904750806,15.36618017624974,16.949429190210296,4.80735470004743,20.322140150211457,13.118331019666472,17.72217129933625,Araneidae,Neoscona,punctigera,1112444.0,urn:lsid:nmbe.ch:spidersp:016743,Unknown,Unknown,2016-07-13,Japan,6.0,0.162,0.054,4.25,1.48,1.08,0.15,32.7,6.2,,,,,35.1,1.9,1.85,0.05,,,
80,4039-W1_S9,4039.0,DRR297775,scylloides,Neoscona,Araneidae,17.215897376294365,11.918662096586624,9.97540318609088,5.882643147171671,17.01800528291308,17.662998920159826,14.406343655705747,14.983476876826346,18.205386415688388,17.73051107268411,12.292666713464827,15.144961756965206,Araneidae,Neoscona,scylloides,1112446.0,urn:lsid:nmbe.ch:spidersp:016751,Unknown,Female,2016-07-14,Japan,11.0,0.126,0.035,3.21,0.71,0.77,0.24,35.4,4.8,215.0,283.0,301.0,21.0,37.0,7.3,2.85,0.25,3.1,,
82,4109-W1_S11,4109.0,DRR296549,kompirensis,Metleucauge,Tetragnathidae,13.120117149955396,6.21467018245296,7.199672344836364,5.937063500710781,4.954196310386875,16.871485793112015,14.006413403818948,13.207776964928014,13.38653614792914,17.78306061490476,10.653892496396056,12.795202073733414,Tetragnathidae,Metleucauge,kompirensis,2337484.0,urn:lsid:nmbe.ch:spidersp:013928,Unknown,Female,2016-07-28,Japan,,0.078,0.028,5.65,1.09,0.94,0.33,16.5,2.9,204.0,247.0,271.0,23.0,36.7,8.6,1.24,0.05,5.6,,
85,4143-W1_S14,4143.0,DRR296503,scintillans,Chrysso,Theridiidae,19.246100968172083,7.000000011271055,7.214786439438303,6.727920468173529,11.179287104959537,16.953013884849405,7.592457037268081,14.363720012433918,5.976737391066279,11.262860040831624,8.18629630465527,19.89296497146688,Theridiidae,Chrysso,scintillans,2337345.0,urn:lsid:nmbe.ch:spidersp:007269,Unknown,Female,2016-07-29,Japan,9.0,0.109,0.012,6.2,0.45,0.78,0.18,34.7,3.8,,,,12.0,34.6,4.6,1.1,0.08,,,
87,4211-W1_S16,4211.0,DRR296777,angulithorax,Parasteatoda,Theridiidae,18.721026985897183,6.725227588894257,7.044128507867755,6.244134888726566,11.923092983844175,10.898809951716101,5.169925001442312,14.681073278763224,13.78981995242302,10.033423937982375,8.196195527645838,14.673120811775394,Theridiidae,Parasteatoda,angulithorax,2337565.0,urn:lsid:nmbe.ch:spidersp:006749,Unknown,Female,2016-08-04,Japan,4.0,0.192,0.078,6.59,1.96,2.18,0.74,20.8,5.0,,,,12.0,77.0,11.9,0.58,0.04,,,
93,4275-W1_S22,4275.0,DRR297083,margarita,Enoplognatha,Theridiidae,10.723967926807301,7.159871336778389,6.741466986401147,5.285402218862249,8.569855608375331,11.407798859779763,5.459431585848773,12.467511303857426,12.751286281939008,8.848622760967636,6.768184324776926,13.31872398735209,Theridiidae,Enoplognatha,margarita,932962.0,urn:lsid:nmbe.ch:spidersp:007566,Unknown,Female,2016-08-05,Japan,4.0,0.037,0.006,14.2,2.06,0.98,0.22,7.0,2.0,,,,,57.6,18.1,0.43,0.02,,,
94,4277-W1_S23,4277.0,DRR297667,foliata,Chrysso,Theridiidae,20.760616471561217,9.03897110090964,7.022367813028454,9.0224205259227,15.041789278760357,15.384852389101201,7.3706874068072175,15.560630033411066,12.860893191790433,11.570804445551882,8.547470211023688,13.423298166402077,Theridiidae,Chrysso,foliata,2337344.0,urn:lsid:nmbe.ch:spidersp:037393,Unknown,Female,2016-08-05,Japan,3.0,0.053,0.015,4.07,0.76,0.58,0.09,17.0,2.1,,,,19.0,44.0,7.1,1.09,0.06,,,
98,4419-W1_S7,4419.0,DRR297465,hamulata,Cyclosa,Araneidae,18.770657844309827,12.118795595673225,12.710328044173858,6.93615734853431,13.19066576886436,15.33744682166309,13.569736924460349,12.61016674274664,17.914465023676165,16.067664915975627,11.087723777197667,13.977169310310448,Araneidae,Cyclosa,hamulata,2337382.0,urn:lsid:nmbe.ch:spidersp:015627,Unknown,Female,2016-09-28,Japan,10.0,0.03,0.014,1.68,0.2,0.33,0.06,16.7,4.6,,,,,42.5,4.1,1.18,0.05,,,
99,4426-W1_S4,4426.0,DRR297809,mitificus,Araneus,Araneidae,20.507657613201577,11.436435628953243,16.318159402927257,8.461371844826363,16.54912094961831,17.573965411496143,14.68264939975971,17.538278513768986,18.799769345379858,19.029074958757942,15.4912229405322,16.63231356911054,Araneidae,Araneus,mitificus,1662246.0,urn:lsid:nmbe.ch:spidersp:015032,Unknown,Female,2016-09-28,Japan,8.0,0.239,0.099,9.01,3.46,1.05,0.29,34.3,10.1,224.0,277.0,298.0,16.0,39.5,9.1,0.68,0.04,4.8,,
100,4440-W1_S18,4440.0,DRR297182,variegatus,Araneus,Araneidae,17.085346858307535,16.41524658894356,13.294229643399282,5.954196310386875,16.437496550115004,16.73489934031441,14.537789038422293,17.09443997685853,11.703470802440316,16.892281421440767,12.730876839629298,15.958968973423453,Araneidae,Araneus,variegatus,1112387.0,urn:lsid:nmbe.ch:spidersp:015276,Unknown,Female,2016-09-29,Japan,11.0,0.154,0.044,4.85,1.52,1.2,0.11,27.3,3.6,216.0,285.0,300.0,12.0,42.1,8.0,1.79,0.04,2.2,,
101,4450-W1_S5,4450.0,DRR297762,japonica,Nihonhimea,Theridiidae,10.948099775232787,7.076815597050831,8.778077129535358,7.076815597050831,8.40514180359531,11.427136441286677,6.6865005271832185,12.14306428063141,7.658211982695534,8.370687406807217,8.572360077903344,11.873641116614587,Theridiidae,Nihonhimea,japonica,2337769.0,urn:lsid:nmbe.ch:spidersp:006803,Unknown,Female,2016-10-10,Japan,3.0,0.09,0.007,4.64,2.43,1.0,0.04,20.2,1.9,,,,,33.5,4.2,0.59,0.02,,,
104,4487-W1_S15,4487.0,DRR296623,macacus,Araneus,Araneidae,17.16004739359895,13.068840890800436,10.503727169345709,6.129283016944966,17.191839131373513,13.957014307905329,12.793934507548336,14.921320242619158,19.20096569084404,16.289292889393888,11.580081295673974,15.644746321696251,Araneidae,Araneus,macacus,2337292.0,urn:lsid:nmbe.ch:spidersp:014996,Unknown,Female,2016-10-11,Japan,,0.084,0.025,6.41,1.35,1.04,0.15,17.9,3.8,220.0,281.0,303.0,20.0,35.8,3.5,2.44,0.13,2.6,33.3,2.0
107,4529-W1_S23,4529.0,DRR296507,sterninotata,Platnickina,Theridiidae,15.116676355389076,11.083980964263985,8.535275376620802,10.884165876447257,16.691593887822116,11.898978040341836,10.066089378869426,14.528726028757463,14.064826973847689,12.767252199615005,11.461235941378112,15.484477223342543,Theridiidae,Platnickina,sterninotata,2337608.0,urn:lsid:nmbe.ch:spidersp:008702,Unknown,Female,2016-10-11,Japan,2.0,0.094,0.039,10.7,1.3,1.14,0.02,11.3,0.5,,,,,21.7,3.3,0.63,0.04,,,
112,4682-W1_S8,4682.0,DRR297427,clavata,Trichonephila,Araneidae,15.81118766700299,11.959639695543682,8.098032082960527,11.959639695543682,13.325306087603932,14.168280763168616,11.333158084718393,14.481105929607669,18.697454369727566,14.626904933669199,7.99009489059644,10.985413285652806,Araneidae,Trichonephila,clavata,70342.0,urn:lsid:nmbe.ch:spidersp:013940,Unknown,Female,2016-11-02,China,,0.092,0.024,9.05,2.08,1.12,0.14,16.9,2.7,239.0,285.0,304.0,15.0,52.6,10.9,2.68,0.03,5.1,,
113,4683-W1_S9,4683.0,DRR297944,clavata,Trichonephila,Araneidae,17.314316392881526,12.339593067690178,7.588853577286623,12.339015052979637,14.248297920255709,15.41501456462145,10.08348039106973,14.67645090996179,19.636483525548808,13.367872060731399,9.66866085286699,11.401510706015475,Araneidae,Trichonephila,clavata,70342.0,urn:lsid:nmbe.ch:spidersp:013940,Unknown,Female,2016-11-02,China,,0.246,0.024,15.7,3.08,2.22,0.15,21.5,1.3,,,,15.0,42.6,4.9,2.26,0.06,,46.0,1.2
114,4734-W1_S15,4734.0,DRR297452,flavescens,Argyrodes,Theridiidae,13.626660539776196,9.077237818572335,8.413627929024173,8.640789622514204,15.706469496100896,11.707788313154404,12.63185912728278,15.877259579414988,19.471938264036407,7.839203788096944,13.007836300792318,15.276120372115441,Theridiidae,Argyrodes,flavescens,202203.0,urn:lsid:nmbe.ch:spidersp:007044,Unknown,Female,2016-11-07,Japan,4.0,0.14,0.051,2.44,0.63,1.23,0.17,30.9,7.4,189.0,207.0,261.0,19.0,72.7,9.1,0.65,0.04,3.9,,
115,4735-W1_S25,4735.0,DRR296860,makiharai,Tetragnatha,Tetragnathidae,14.814072473647354,6.741466990446086,7.169925001442312,6.108524463050756,12.675926415205675,15.148495741147123,11.028120915175055,6.405623132215034,13.25331858338051,13.74892702375098,10.989002780567406,14.372667876122147,Tetragnathidae,Tetragnatha,makiharai,2055958.0,urn:lsid:nmbe.ch:spidersp:014250,Unknown,Female,2016-11-07,Japan,7.0,0.058,0.013,5.01,1.2,0.91,0.21,13.2,2.8,196.0,276.0,299.0,16.0,61.9,12.4,0.68,0.04,,,
116,4739-W1_S16,4739.0,DRR296787,mulmeinensis,Cyclosa,Araneidae,20.1854624670155,16.972659509228713,16.37999505653329,7.3614413301926245,14.98156838928564,15.081731165325653,13.098689517753442,15.944849202620837,18.266396139664604,16.73784587270565,11.57615780799945,13.979324651410588,Araneidae,Cyclosa,mulmeinensis,345697.0,urn:lsid:nmbe.ch:spidersp:015662,Unknown,Female,2016-11-07,Japan,4.0,0.088,0.027,3.41,0.03,0.81,0.19,24.5,1.3,235.0,282.0,305.0,15.0,77.9,14.1,0.64,0.05,,31.8,6.8
118,4752-W1_S20,4752.0,DRR296684,viridiventris,Chrysso,Theridiidae,18.344853609999447,7.134734336811682,8.154818109052105,7.103602543905592,16.902348344009823,13.761343456100649,6.700439718141092,9.674192268145683,7.924812978567033,12.851752747685488,9.12662503209907,14.622561464687063,Theridiidae,Chrysso,viridiventris,2337347.0,urn:lsid:nmbe.ch:spidersp:007283,Unknown,Female,2016-11-07,Japan,2.0,0.036,0.012,2.75,0.66,0.65,0.1,14.6,4.0,,,,,42.1,8.0,0.56,0.03,,,
120,4781-W1_S22,4781.0,DRR297129,unicolor,Cyrtophora,Araneidae,18.498424292601964,7.917093521435797,8.121676002987593,7.245108943927622,16.12871436750877,5.672426756377705,5.459431618637297,15.099519372565783,8.317410580029568,6.643856375863618,13.66816870169178,15.782569163586238,Araneidae,Cyrtophora,unicolor,1485616.0,urn:lsid:nmbe.ch:spidersp:015838,Unknown,Unknown,2016-11-28,Japan,5.0,0.085,0.01,4.42,1.17,0.76,0.06,18.5,4.9,,,,16.0,47.8,14.9,0.64,0.02,,,
121,4790-W1_S24,4790.0,DRR296949,celebesiana,Leucauge,Tetragnathidae,18.991249463656256,7.908002725170688,9.096122856014178,7.834060653120396,13.039776020554777,17.345366220005804,13.967226793901363,12.807207989099707,18.209325758220498,16.253255842496202,11.219737375591002,14.882636624614275,Tetragnathidae,Leucauge,celebesiana,1112430.0,urn:lsid:nmbe.ch:spidersp:013704,Unknown,Female,2016-11-28,Japan,7.0,0.043,0.014,2.09,0.61,0.53,0.06,18.4,3.7,198.0,245.0,277.0,16.0,25.7,3.7,0.89,0.03,10.6,,3.0
126,4910-W1_S25,4910.0,DRR296789,unicolor,Cyrtophora,Araneidae,17.56758402334511,7.561063054350891,8.397853041605693,6.712121957250136,16.77432393660511,2.807354922057604,5.169925001442312,15.22105186776222,5.044394059202441,6.392317422778761,9.32415827662737,15.328541743252522,Araneidae,Cyrtophora,unicolor,1485616.0,urn:lsid:nmbe.ch:spidersp:015838,Unknown,Male,2017-01-24,India,8.0,0.126,0.01,7.13,1.53,1.0,0.11,23.2,2.6,,,,,46.1,3.7,2.08,0.11,,,
127,4911-W1_S27,4911.0,DRR296893,pilipes,Nephila,Araneidae,19.65849357254492,14.479742515919613,8.321957669832559,14.477214509626075,15.5578233516566,16.77411783838082,12.985659153819073,14.255326958347572,6.22881869049588,17.1162252336794,13.823521150962724,13.948986410459352,Araneidae,Nephila,pilipes,299642.0,urn:lsid:nmbe.ch:spidersp:013960,Unknown,Female,2017-01-24,India,24.0,0.089,0.026,5.59,1.75,0.98,0.18,19.5,2.9,217.0,276.0,299.0,19.0,34.7,1.4,1.95,0.05,7.3,35.6,9.9
128,4912-W1_S1,4912.0,DRR296879,pilipes,Nephila,Araneidae,20.17766756548394,16.215353013131214,7.780737121871904,16.214840968477855,15.113234427582261,16.250909764930775,13.492707258145268,14.304138421441259,2.807354922057604,17.27292423850035,12.76108413555601,14.581584350383743,Araneidae,Nephila,pilipes,299642.0,urn:lsid:nmbe.ch:spidersp:013960,Unknown,Female,2017-01-24,India,11.0,0.135,0.079,9.38,4.24,1.17,0.35,19.7,6.6,222.0,280.0,301.0,20.0,55.7,17.6,0.98,0.2,8.4,,
130,4916-W1_S2,4916.0,DRR297531,-,Argiope,Araneidae,15.915039223670268,5.727920454563199,7.531381163463813,5.392317422778761,12.305057703709734,13.940518403087626,8.475790286619723,9.004277302045143,0.0,11.786015845410876,13.508172076864975,19.497574168611983,Araneidae,Argiope,sp. (OTU0362),2337308.0,,Unknown,Female,2017-01-24,India,13.0,0.212,0.055,7.16,2.53,1.52,0.27,31.4,3.6,241.0,287.0,305.0,15.0,33.8,2.1,2.05,0.03,7.6,45.2,14.3
131,4954-W1_S11,4954.0,DRR297092,bifida,Cyclosa,Araneidae,17.57817741638752,10.111465482709153,14.001689724693525,8.004174782593218,12.360573415180031,13.239896146435212,10.850968150982439,12.16236832854006,17.609940691955668,13.786618804796152,8.313616709268883,12.523891780479806,Araneidae,Cyclosa,bifida,2293436.0,urn:lsid:nmbe.ch:spidersp:015579,Unknown,Female,2017-01-24,India,7.0,0.099,0.032,2.49,1.28,1.06,0.44,25.8,3.1,,,,,60.3,12.9,0.75,0.06,,,
132,4959-W1_S4,4959.0,DRR297582,unicolor,Cyrtophora,Araneidae,16.289740032078516,6.705739403455775,7.098876389533034,5.916064380955054,16.745196855494054,0.0,4.954196310386875,15.05336147872434,0.0,5.247927513443585,8.520118613389965,15.04971796674568,Araneidae,Cyrtophora,unicolor,1485616.0,urn:lsid:nmbe.ch:spidersp:015838,Unknown,Unknown,2017-01-24,India,7.0,0.089,0.04,6.07,1.1,1.06,0.09,16.5,5.1,,,,24.0,45.4,3.4,1.69,0.04,,,
135,4992-W1_S8,4992.0,DRR296734,-,Argiope,Araneidae,16.514278060097958,5.392317422778761,7.366322124545156,4.754887502163468,13.892659240223985,13.859276176910836,8.189680449398109,8.85176037683256,3.9068905956085187,11.16789311600795,13.422963092700135,19.733559986504098,Araneidae,Argiope,sp. (OTU0362),2337308.0,,Unknown,Female,2017-01-25,India,10.0,0.16,0.049,5.85,0.31,1.32,0.16,24.8,5.8,,,,16.0,37.6,1.8,2.78,0.09,,,
136,5018-W1_S10,5018.0,DRR296908,-,-,Araneidae,14.973426225273407,8.53712663289522,8.47748625573864,6.643856192660115,12.355626459592834,11.94203177509425,12.631855795010253,11.721865387038482,2.0,12.103607218426376,12.596901196176496,19.868400652972152,Araneidae,Gen.,sp. (OTU0124),2337812.0,,Unknown,Unknown,2017-01-25,India,,0.015,0.008,1.01,0.3,0.17,0.05,15.3,2.7,206.0,284.0,306.0,24.0,36.9,25.1,1.58,0.52,10.1,,
137,5019-W1_S14,5019.0,DRR297560,diadesmia,Gasteracantha,Araneidae,18.50394416143233,10.480304405590111,15.350539492203394,7.280890420718295,15.6654108710741,14.875743298460922,11.653291839062382,14.324956781032887,17.81462940003559,16.953934527209874,15.26159474181167,17.94368603945882,Araneidae,Gasteracantha,diadesmia,2337415.0,urn:lsid:nmbe.ch:spidersp:016017,Unknown,Female,2017-01-25,India,,0.109,0.026,5.85,2.79,0.89,0.2,26.5,4.0,225.0,276.0,296.0,18.0,34.6,2.8,2.42,0.08,0.2,5.4,3.2
139,5024-W1_S12,5024.0,DRR296519,-,Neoscona,Araneidae,15.777649191753726,11.40081785365808,8.133956982937603,6.044394119358453,11.793075710680808,5.744241302878509,8.652541778047638,12.038029326456183,2.321928094887362,11.625887180783453,11.42496046721247,19.153733627393336,Araneidae,Neoscona,sp. (OTU1084),2337508.0,,Unknown,Female,2017-01-25,India,,0.126,0.035,9.24,2.54,1.36,0.35,20.4,3.8,,,,14.0,46.2,46.7,1.08,0.49,,,
140,5027-W1_S13,5027.0,DRR297749,unicolor,Cyrtophora,Araneidae,16.92430750217734,6.426264757017993,8.254516004219045,5.977279926661296,16.24358331317951,1.0,5.906890595608519,15.69566664799465,1.0,5.357552004618084,8.008334337302585,13.845583237703606,Araneidae,Cyrtophora,unicolor,1485616.0,urn:lsid:nmbe.ch:spidersp:015838,Unknown,Unknown,2017-01-25,India,8.0,0.043,0.019,5.08,1.52,0.67,0.12,12.2,2.5,209.0,280.0,307.0,23.0,70.2,14.9,0.72,0.05,7.6,6.1,2.5
141,5040-W1_S15,5040.0,DRR297430,-,Gasteracantha,Araneidae,17.604585983024872,9.467605550082997,11.061574748847544,6.820178962415188,15.305861930425543,13.169730884535896,12.798269270898883,14.977621160399334,16.17313023074155,14.808480770275528,13.40398886283024,20.6240751331956,Araneidae,Gasteracantha,sp. (OTU0225),2337416.0,,Unknown,Female,2017-01-25,India,,0.063,0.012,4.11,1.22,0.72,0.13,19.0,2.1,229.0,288.0,312.0,22.0,38.7,4.1,2.33,0.1,5.2,41.1,11.8
144,5058-W1_S12,5058.0,DRR297450,hiramatsui,Zygiella,Araneidae,16.043485714733443,7.774339029936436,6.9886846867721655,6.657239836192669,14.663780724148188,16.20156858405163,12.56763924313961,13.966325193888277,13.601537979546256,16.8857797718491,13.673881381230663,13.847601655039824,Araneidae,Zygiella,hiramatsui,2337719.0,urn:lsid:nmbe.ch:spidersp:049604,Unknown,Female,2017-03-20,Japan,5.0,0.111,0.014,2.34,0.78,0.92,0.07,29.8,4.6,191.0,219.0,246.0,17.0,62.1,31.7,0.57,0.1,9.4,,
147,5097-W1_S16,5097.0,DRR297556,tanigawai,Tetragnatha,Tetragnathidae,14.270777503639026,6.20945336562895,6.979682870951514,6.149747119504682,11.66615611507981,12.150382295693282,10.74062407821694,4.703064144368047,5.169925001442312,13.847351026463484,10.980049463521228,14.145429765707135,Tetragnathidae,Tetragnatha,tanigawai,2055960.0,urn:lsid:nmbe.ch:spidersp:014367,Unknown,Male,2017-03-21,Japan,4.0,0.035,0.012,2.93,1.52,0.62,0.24,14.5,1.9,,,,,42.2,8.6,0.54,0.03,,,
148,5104-W1_S17,5104.0,DRR297722,alba,Cyclosa,Araneidae,17.928209234428685,13.029737291505356,13.256601555620371,5.614709859000052,13.325305932989364,12.729833746325717,10.802516429743621,13.54557404290681,16.078338665785598,13.844510041983531,14.325564722500973,12.815636511837468,Araneidae,Cyclosa,alba,345691.0,urn:lsid:nmbe.ch:spidersp:015564,Unknown,Female,2017-03-22,Japan,3.0,0.153,0.067,2.38,0.7,1.25,0.24,29.2,6.0,,,,5.0,60.2,10.3,0.6,0.04,,,
150,5118-W1_S27,5118.0,DRR297449,fusiformis,Larinia,Araneidae,18.134660591838166,14.797864137333749,16.448165245323587,7.426264754702098,15.334763441764458,15.709722606008642,15.170555788417898,9.29232163280204,17.259137802633425,17.023689207113737,11.959259275239326,14.645493219014327,Araneidae,Larinia,fusiformis,2337460.0,urn:lsid:nmbe.ch:spidersp:016301,Unknown,Female,2017-04-09,Japan,7.0,0.034,0.015,2.57,0.42,0.54,0.19,14.4,3.7,,,,14.0,37.6,11.2,0.79,0.07,,,
153,5146-W1_S22,5146.0,DRR296667,bonadea,Argyrodes,Theridiidae,12.761052944372551,8.237693535146107,7.451211111832329,7.4629201948605735,15.914732387790988,11.32844296123627,5.584962500721156,13.74630719912665,16.8207176751064,6.727921271182803,9.060387206192328,13.437000669148002,Theridiidae,Argyrodes,bonadea,1529479.0,urn:lsid:nmbe.ch:spidersp:006996,Unknown,Female,2017-04-10,Japan,2.0,0.067,0.016,1.65,0.55,0.71,0.2,25.6,5.1,,,,,71.0,14.4,0.65,0.02,,,
157,5199-W1_S22,5199.0,DRR297188,-,Orsinome,Tetragnathidae,16.560381720383514,9.17166625376432,8.060858887586821,8.93047289962876,6.614709844115208,4.45957915944918,9.432543107157267,8.000001239815518,4.807356467801463,16.36232560010789,12.355344182209663,21.63944324761293,Tetragnathidae,Orsinome,sp. (OTU0371),2337537.0,,Unknown,Female,2017-04-15,Malaysia,7.0,0.1,0.039,13.6,2.45,1.15,0.24,16.8,3.2,193.0,245.0,278.0,26.0,48.0,10.3,0.47,0.06,11.7,,
158,5209-W1_S8,5209.0,DRR297461,spinipes,Gea,Araneidae,18.506079515007208,6.874559572768504,8.78135971352466,6.768184324776926,18.833307298553933,17.34419546965554,14.214091390250262,17.827757137315785,16.037951896481935,14.870654987168862,12.601796722324886,14.909341910138922,Araneidae,Gea,spinipes,1538127.0,urn:lsid:nmbe.ch:spidersp:016112,Unknown,Female,2017-04-15,Malaysia,5.0,0.141,0.025,4.66,0.82,1.54,0.17,21.9,3.8,201.0,273.0,306.0,,48.2,6.4,0.51,0.03,15.1,,
161,5214-W1_S24,5214.0,DRR297685,dehaani,Parawixia,Araneidae,16.58014856612031,12.470404678873361,7.948367056358548,7.651051742217818,18.021021669940488,16.130360440781946,12.25059465522176,15.090651613437077,10.888746292555473,16.11929406229388,10.68119017974005,14.426147804211855,Araneidae,Parawixia,dehaani,2337571.0,urn:lsid:nmbe.ch:spidersp:016893,Unknown,Female,2017-04-15,Malaysia,18.0,0.099,0.029,5.98,0.42,1.12,0.24,26.9,1.2,233.0,285.0,304.0,20.0,37.6,9.2,2.66,0.19,6.1,43.9,5.6
162,5218-W1_S1,5218.0,DRR297275,-,Chrysso,Theridiidae,17.496816444124637,5.426264754702098,7.960001932068081,5.426264754702098,11.712956825154087,8.750789891499315,9.482807956726667,2.59040800240878,0.0,9.552374691191522,5.672425341971495,18.883077135356743,Theridiidae,Chrysso,sp. (OTU0856),2337346.0,,Unknown,Female,2017-04-15,Malaysia,4.0,0.106,0.025,5.51,2.09,1.05,0.21,18.4,6.2,269.0,293.0,307.0,10.0,39.3,5.2,0.72,0.04,15.7,,
163,5219-W1_S2,5219.0,DRR297005,kuhli,Gasteracantha,Araneidae,17.673582094524935,10.117643102218869,12.629180314068046,5.459431639589163,12.502434985991218,14.564732874029515,12.509032792732791,13.586448528293207,15.607208292887709,14.100203931299172,15.644698833906846,15.016726379758905,Araneidae,Gasteracantha,kuhli,216277.0,urn:lsid:nmbe.ch:spidersp:016031,Unknown,Female,2017-04-15,Malaysia,5.0,0.102,0.015,3.23,0.09,0.64,0.05,30.9,1.2,230.0,283.0,302.0,17.0,29.0,2.5,2.0,0.03,6.1,,
164,5224-W1_S3,5224.0,DRR297656,-,Orsinome,Tetragnathidae,14.745212785374232,7.153778001612078,7.8874247416134216,6.923592548481389,3.807354922057604,3.585496559698477,7.179913865825096,6.005793935224646,2.807354922057604,14.803365435788209,10.864340760924831,19.83509495313839,Tetragnathidae,Orsinome,sp. (OTU0371),2337537.0,,Unknown,Female,2017-04-16,Malaysia,8.0,0.225,0.04,7.96,0.4,1.76,0.08,24.7,4.3,243.0,279.0,296.0,9.0,38.2,4.1,0.69,0.02,6.6,,
165,5227-W1_S10,5227.0,DRR297224,-,Orsinome,Tetragnathidae,10.33244192228813,6.266786540694901,8.388017285345136,6.266786540694901,4.087462841250339,3.0,6.569855608330948,1.584962500721156,3.7004398516458656,5.700439724820049,6.129283016944966,11.938841109057494,Tetragnathidae,Orsinome,sp. (OTU0371),2337537.0,,Unknown,Unknown,2017-04-16,Malaysia,4.0,0.154,0.028,6.4,1.79,1.66,0.27,20.5,4.0,,,,,44.9,9.6,0.47,0.04,,,
166,5229-W1_S4,5229.0,DRR297425,-,-,Araneidae,14.303757159154372,13.079527418430812,8.433537037554784,11.671541049020957,6.131300142611808,8.395426298813987,6.153187195263477,4.588779386779303,2.5849624694627633,14.53588846388215,13.962938699156284,19.526104378909967,Araneidae,Gen.,sp. (OTU0160),2337813.0,,Unknown,Female,2017-04-16,Malaysia,4.0,0.036,0.015,3.07,0.89,0.71,0.14,13.2,2.5,,,,12.0,60.4,8.8,0.45,0.03,,,
169,5239-W1_S6,5239.0,DRR297203,-,Leucauge,Tetragnathidae,14.152543613007673,8.567857231384734,7.948367231584678,7.535073152072799,5.999999323736541,4.459763400343268,6.108524456778169,5.1306111687584455,3.584962500721156,6.3219302834288325,10.242878481649186,17.72707324950634,Tetragnathidae,Leucauge,sp. (OTU0111),2337457.0,,Unknown,Unknown,2017-04-16,Malaysia,3.0,0.105,0.074,5.41,2.02,1.47,0.5,21.7,1.7,248.0,269.0,293.0,,71.4,9.8,0.4,0.03,9.0,,
171,5249-W1_S7,5249.0,DRR296714,spinipes,Gea,Araneidae,16.704578908796872,5.470676767841562,7.839203788096944,5.169925001442312,17.459426866340557,12.82366321296734,10.3409627642517,13.68428893466184,16.439516772549965,14.408090053465896,12.172941240648445,13.018023889954618,Araneidae,Gea,spinipes,1538127.0,urn:lsid:nmbe.ch:spidersp:016112,Unknown,Female,2017-04-15,Malaysia,6.0,0.128,0.035,13.0,1.59,2.17,0.12,13.7,2.7,258.0,282.0,294.0,15.0,48.7,9.7,0.48,0.03,11.5,40.3,8.5
172,5268-W1_S12,5268.0,DRR297767,-,Mesida,Tetragnathidae,12.75714293505091,7.309794643874583,9.97940661667244,6.9502351004856875,7.04439440352563,11.79718556866209,7.172427508645482,5.3575530602482155,12.813580803290234,6.6865005271832185,11.856846601659367,19.43296196244319,Tetragnathidae,Mesida,sp. (OTU0499),2337481.0,,Unknown,Female,2017-04-15,Malaysia,5.0,0.091,0.033,3.14,0.75,1.18,0.19,19.1,4.3,242.0,275.0,301.0,,55.3,8.3,0.48,0.02,14.0,,
173,5281-W1_S8,5281.0,DRR296535,perpolita,Singa,Araneidae,18.409528843522594,13.493887639389978,12.427142078445977,6.94251450533924,17.130914321560212,17.391778645285015,14.395942512596772,13.373596885806807,17.03897467114321,16.397389383045766,13.50631759016489,14.696579602914602,Araneidae,Singa,perpolita,2337647.0,urn:lsid:nmbe.ch:spidersp:017059,Unknown,Female,2017-04-17,Malaysia,5.0,0.155,0.044,3.41,0.74,1.63,0.16,24.4,3.0,241.0,288.0,307.0,,77.0,19.7,0.38,0.02,7.7,,
174,5286-W1_S8,5286.0,DRR297350,poonaensis,Eriovixia,Araneidae,13.92476594228043,16.76108369358336,8.408009361079227,6.3750394313469245,16.16888652721582,13.165847759995403,12.477758266443889,14.31668395005656,16.638846358968387,16.465034139720103,13.812139746211582,13.82142561474942,Araneidae,Eriovixia,poonaensis,1750731.0,urn:lsid:nmbe.ch:spidersp:015900,Unknown,Female,2017-04-17,Malaysia,,0.241,0.059,12.8,2.34,1.56,0.13,27.6,6.2,216.0,279.0,278.0,8.0,65.4,8.7,0.47,0.03,7.5,,
175,5290-W1_S9,5290.0,DRR297228,tessellata,Leucauge,Tetragnathidae,17.31250264317094,8.199923764063309,8.21156969868109,7.459851168758196,10.380461085652518,15.839410956956158,13.217502629035463,13.722178241879575,14.638549044350144,17.575966809457217,12.133475705432359,15.818880169919765,Tetragnathidae,Leucauge,tessellata,521417.0,urn:lsid:nmbe.ch:spidersp:013820,Unknown,Female,2017-04-17,Malaysia,7.0,0.167,0.025,15.1,2.09,1.91,0.14,13.2,3.4,201.0,270.0,291.0,7.0,44.8,8.8,0.42,0.04,5.1,,
176,53-W30_S19,53.0,DRR297226,amabilis,Araneus,Araneidae,17.23126536417684,6.931574319041074,13.018775521320697,6.108524435869545,16.61075874136158,16.01903423464642,10.891671549061742,15.54680555052372,11.340961500641612,16.302704597495183,13.71312915218931,13.702874150069249,Araneidae,Araneus,amabilis,2337290.0,urn:lsid:nmbe.ch:spidersp:037655,Unknown,Unknown,2014-12-08,Japan,,0.128,0.032,6.17,0.79,0.92,0.15,25.7,3.7,,,,,41.0,7.8,1.72,0.13,,,
178,5318-W1_S10,5318.0,DRR296817,-,-,Theridiidae,16.42535143797121,7.182469263437832,7.066089190457772,6.744935288149925,6.408802536046126,11.996575038743977,5.169925001442312,11.663114198184203,4.908061108114617,10.002815015607053,9.429576402741603,19.707010449163768,Theridiidae,Gen.,sp. (OTU0462),2337882.0,,Unknown,Female,2017-04-17,Malaysia,6.0,0.106,0.036,8.94,1.95,1.0,0.18,18.0,4.2,209.0,286.0,307.0,6.0,37.8,4.1,0.81,0.03,4.7,,
179,5337-W1_S23,5337.0,DRR296531,-,Rhomphaea,Theridiidae,11.413781464227183,6.965784284662087,8.714245517666123,6.807354922057604,8.212149671377615,14.438973938460466,6.700439718141092,11.680416711479822,8.939789480461421,6.930737339341777,8.255990562028494,20.232106845036686,Theridiidae,Rhomphaea,sp. (OTU0325),2337633.0,,Unknown,Female,2017-04-17,Malaysia,4.0,0.104,0.006,1.9,0.56,0.77,0.04,31.1,9.8,,,,,61.5,10.2,0.54,0.02,,,
183,5398-W1_S24,5398.0,DRR297571,yunohamensis,Metleucauge,Tetragnathidae,14.802891422234952,6.20945336562895,8.447485228635008,6.149747119504682,4.5849626209457375,16.374937366805902,14.793605595238049,13.01087691898486,13.90867407648088,16.92822948826009,8.80159340718529,12.595378832078762,Tetragnathidae,Metleucauge,yunohamensis,1112435.0,urn:lsid:nmbe.ch:spidersp:013930,Unknown,Female,2017-05-16,Japan,10.0,0.14,0.017,9.3,0.93,0.97,0.09,19.4,2.5,184.0,266.0,295.0,24.0,53.8,2.0,1.12,0.03,12.0,,
184,5457-W1_S20,5457.0,DRR297608,pentagrammicus,Araneus,Araneidae,17.96626906397252,6.044394119358453,14.875129124621866,5.392317422778761,16.683040589997983,15.682140836999219,12.023988539131356,14.784344043478379,14.585077071412593,17.029859678121614,13.492960697429968,14.089455926902279,Araneidae,Araneus,pentagrammicus,2337294.0,urn:lsid:nmbe.ch:spidersp:015102,Unknown,Female,2017-05-23,Japan,8.0,0.05,0.013,2.19,0.37,0.36,0.09,34.5,3.8,285.0,302.0,316.0,14.0,39.0,5.9,1.09,0.04,19.0,,
186,5478-W1_S3,5478.0,DRR296822,coccineus,Acusilas,Araneidae,16.81282503399446,6.426264778035174,7.4565802177166765,6.409390959745284,17.86880319983313,14.20129121816704,10.611025645951244,15.338354769905534,10.381542951184585,16.585031684261438,14.724883316767574,14.567402839741746,Araneidae,Acusilas,coccineus,1662254.0,urn:lsid:nmbe.ch:spidersp:014455,Unknown,Female,2017-05-24,Japan,11.0,0.156,0.026,13.1,1.86,2.06,0.25,16.6,1.6,216.0,278.0,300.0,,43.5,4.1,0.57,0.03,7.0,,
191,5517-W1_S20,5517.0,DRR296489,seminiger,Araneus,Araneidae,15.270995189203422,10.359884018614144,10.876176736614102,7.864183356473145,16.855922663841234,15.458268483617866,13.438101363400017,12.691929257253822,17.366643852500765,14.56456522273189,14.475603295040644,15.106224845737895,Araneidae,Araneus,seminiger,2175613.0,urn:lsid:nmbe.ch:spidersp:015191,Unknown,Female,2017-05-25,Japan,14.0,0.175,0.059,6.85,1.22,0.98,0.1,32.9,6.4,229.0,284.0,303.0,19.0,33.4,0.5,7.95,0.07,10.4,45.8,3.3
192,5532-W1_S4,5532.0,DRR165465,-,Neoscona,Araneidae,5.813544185045014,5.356121972390922,1.0,1.584962500721156,7.840089877487154,5.922423133835724,5.426264754702098,6.268551544161165,0.0,6.598898506145184,5.087462841250339,13.219831356733764,Araneidae,Neoscona,sp. (OTU0257),2507266.0,,Unknown,Female,2017-06-10,China,,0.06,0.014,2.9,0.78,0.82,0.14,19.1,2.8,,,,13.0,30.9,5.1,0.8,0.04,,,
193,5556-W1_S6,5556.0,DRR165467,scylloides,Neoscona,Araneidae,17.32221768264936,14.108124813944483,12.5752826658545,6.6914043500243805,17.566392454659972,17.94666319350657,14.30794095910254,14.42469399078091,4.392317422778761,17.863774314787584,11.657409111140142,14.74407604073004,Araneidae,Neoscona,scylloides,1112446.0,urn:lsid:nmbe.ch:spidersp:016751,Unknown,Female,2017-06-10,China,7.0,0.149,0.046,4.92,1.46,1.0,0.09,28.4,5.2,223.0,293.0,311.0,10.0,54.2,8.9,0.45,0.03,2.5,,
194,5564-W1_S7,5564.0,DRR165468,-,Araneus,Araneidae,9.035055501625871,9.013285317819145,4.902282489586569,1.584962500721156,8.834572556522092,6.4087760473046576,6.364548095365989,8.361798444489645,1.00000020002244,7.6986349782293075,7.423872175851557,13.378528251589797,Araneidae,Araneus,sp. (OTU0080),2507252.0,,Unknown,Unknown,2017-06-10,China,,0.267,0.136,4.61,1.13,1.97,0.19,31.3,11.9,263.0,297.0,311.0,12.0,70.2,10.7,0.35,0.03,2.1,,
196,5570-W1_S9,5570.0,DRR165470,-,Neoscona,Araneidae,7.490055340470289,7.649607986918349,3.169925001442312,1.0,9.020481467475417,9.501210620726832,6.653168580552182,8.99756414503554,0.0,7.2682191747653295,6.505491820493071,14.459903003150696,Araneidae,Neoscona,sp. (OTU0257),2507266.0,,Unknown,Male,2017-06-10,China,6.0,0.103,0.024,5.42,0.85,1.2,0.17,23.4,4.7,,,,7.0,39.3,11.7,0.69,0.09,,,
197,5580-W1_S10,5580.0,DRR165471,-,Araneus,Araneidae,8.70853996594955,6.3471628876239015,4.222726521124427,1.0,7.3211390856586975,5.387403302185701,4.5340865106149515,6.511128800334405,0.0,6.925633240765729,6.879123596855,12.01627697453721,Araneidae,Araneus,sp. (OTU0080),2507252.0,,Unknown,Unknown,2017-06-11,China,,0.074,0.04,4.29,0.66,0.74,0.15,20.3,6.8,,,,9.0,60.8,7.8,0.96,0.04,,,
200,5612-W1_S13,5612.0,DRR165474,tepidariorum,Parasteatoda,Theridiidae,15.71185167100826,6.807438003442237,8.566054038171092,6.768184324776926,14.915739624522118,10.25484260128996,6.197708157955851,14.023271264952799,4.408976074851502,5.6508225643994985,7.50248933463349,12.578529305008365,Theridiidae,Parasteatoda,tepidariorum,114398.0,urn:lsid:nmbe.ch:spidersp:006870,Unknown,Male,2017-06-11,China,3.0,0.12,0.044,9.67,2.78,1.6,0.15,15.0,4.1,,,,,47.5,7.1,0.54,0.03,,,
202,5621-W1_S16,5621.0,DRR165477,tepidariorum,Parasteatoda,Theridiidae,18.663468608434307,6.868306370228784,7.870364719583405,6.606210800279359,12.32758567103448,12.416094296754094,5.714245517666122,13.198067440283877,13.399319288562667,12.583774567151464,8.544036667731222,14.691953394209975,Theridiidae,Parasteatoda,tepidariorum,114398.0,urn:lsid:nmbe.ch:spidersp:006870,Unknown,Female,2017-06-11,China,7.0,0.306,0.088,10.9,2.25,2.23,0.4,27.1,3.1,231.0,280.0,300.0,12.0,37.2,5.0,0.71,0.04,9.0,,
203,5654-W1_S1,5654.0,DRR297177,sakiedaorum,Eriovixia,Araneidae,15.300207663604098,18.12348557572157,7.68754470245201,6.832582965863689,11.89216298344316,1.584962500721156,5.129283016944966,14.335819487753652,0.0,6.6865005271832185,11.280340753732942,15.271718071621292,Araneidae,Eriovixia,sakiedaorum,2337407.0,urn:lsid:nmbe.ch:spidersp:015903,Unknown,Male,2017-06-27,Japan,3.0,0.118,0.032,6.53,1.26,1.16,0.14,18.9,3.8,,,,,43.7,6.8,0.54,0.02,,,
204,5659-W1_S20,5659.0,DRR297812,labiata,Rhomphaea,Theridiidae,13.666250344846206,7.880710377991162,7.658211482751795,7.328080136160328,5.832890014164741,14.658378876663654,5.807354922057604,14.229866842191985,16.07522775485569,7.832890020492352,10.332622065766317,15.901385710625135,Theridiidae,Rhomphaea,labiata,2337631.0,urn:lsid:nmbe.ch:spidersp:007076,Unknown,Female,2017-06-27,Japan,8.0,0.167,0.042,11.0,3.02,1.7,0.17,18.0,2.9,,,,,42.5,4.4,0.57,0.02,,,
205,5771-W1_S21,5771.0,DRR297787,yunohamensis,Yunohamella,Theridiidae,19.25243660255526,5.20945336562895,7.266786540694901,5.129283016944966,12.525276978901996,16.66794108523944,8.407975832613069,12.150381968817848,15.035314609824393,11.897930405255138,6.53915881240987,10.853411953109411,Theridiidae,Yunohamella,yunohamensis,2337715.0,urn:lsid:nmbe.ch:spidersp:008795,Unknown,Female,2017-07-05,Japan,5.0,0.117,0.025,9.54,2.81,1.37,0.18,14.6,1.8,208.0,276.0,296.0,,43.8,5.1,0.57,0.03,9.0,,
208,5792-W1_S24,5792.0,DRR297773,subblanda,Leucauge,Tetragnathidae,17.168767897682883,7.89520051165705,8.070119709797748,6.323061067191428,15.166516179537345,17.164195113636136,13.09160053801363,12.700656450750982,14.889408905537458,17.630690883793168,13.368488936485912,14.76939491439943,Tetragnathidae,Leucauge,subblanda,1933406.0,urn:lsid:nmbe.ch:spidersp:042861,Unknown,Female,2017-07-11,Japan,8.0,0.076,0.051,6.25,2.06,0.96,0.33,14.7,3.8,217.0,278.0,292.0,,49.4,8.2,0.59,0.04,5.6,,
209,5803-W1_S1,5803.0,DRR297218,nagasakiensis,Cyrtarachne,Araneidae,17.870469318287242,8.64748278333085,6.303780748177103,6.449203134050641,13.992315384649302,14.603296626419873,12.73206271409376,13.544360938475526,15.358891328368514,17.229202387893725,10.823486186862176,12.311719806244918,Araneidae,Cyrtarachne,nagasakiensis,386110.0,urn:lsid:nmbe.ch:spidersp:015776,Unknown,Female,2017-07-11,Japan,5.0,0.157,0.034,9.52,1.63,1.53,0.07,19.2,4.0,205.0,275.0,295.0,,69.4,11.4,0.33,0.03,5.8,,
212,5816-W1_S6,5816.0,DRR296473,argiopiformis,Larinia,Araneidae,15.70058382205529,13.827640422902252,6.511798344974445,6.507794640198696,15.495986414805321,16.19147018029885,12.585629766606143,13.266369260271665,16.96742172312648,16.312499406080057,14.532227209929742,13.59611927691708,Araneidae,Larinia,argiopiformis,1112526.0,urn:lsid:nmbe.ch:spidersp:016286,Unknown,Female,2017-07-11,Japan,12.0,0.286,0.117,9.92,1.15,2.45,0.52,27.2,5.5,212.0,276.0,297.0,8.0,43.1,3.7,0.56,0.03,7.1,,
218,5926-W1_S3,5926.0,DRR297573,x-notata,Zygiella,Araneidae,14.762116241282829,16.120420147040573,11.215502665216468,16.120379644653124,13.455070307287963,15.635940002046397,9.936637939002571,13.36112133473479,5.285402218862249,14.321902253240156,11.543170270495057,13.15776136464095,Araneidae,Zygiella,x-notata,389061.0,urn:lsid:nmbe.ch:spidersp:017187,Unknown,Unknown,2017-07-22,United Kingdom,6.0,0.079,0.028,5.87,1.45,0.75,0.12,14.7,4.8,,,,,67.3,11.9,0.57,0.03,,,
219,5938-W1_S5,5938.0,DRR297862,mengei,Metellina,Tetragnathidae,17.84652958482871,5.661071167891795,7.451211111832329,5.542264226098347,14.328043750429078,15.454587320576884,12.46286609567496,12.378836702375503,6.321928094887363,16.185091925082023,9.99333992996337,13.9447007994418,Tetragnathidae,Metellina,mengei,500646.0,urn:lsid:nmbe.ch:spidersp:013917,Unknown,Male,2017-07-22,United Kingdom,,0.073,0.031,3.39,0.66,0.88,0.2,17.9,7.1,274.0,306.0,328.0,,41.5,7.3,0.56,0.03,21.4,,
220,5944-W1_S6,5944.0,DRR296867,merianae,Metellina,Tetragnathidae,17.391946716614086,5.587309177836927,7.22881869049588,5.556985416645874,13.310612781659529,2.321928094887362,5.169925001442312,14.888223285263408,4.700439718141092,4.954196310386875,12.891312103000082,18.212864819535387,Tetragnathidae,Metellina,merianae,473146.0,urn:lsid:nmbe.ch:spidersp:013918,Unknown,Male,2017-07-22,United Kingdom,,0.093,0.025,8.74,2.46,1.35,0.21,14.5,2.0,232.0,277.0,295.0,,42.8,4.4,0.54,0.02,21.9,,
223,5996-W1_S18,5996.0,DRR296736,umbratica,Nuctenea,Araneidae,18.670256081536106,10.30813553662369,8.59039509695574,6.409390936137702,17.43453048193199,18.558962314327708,15.396517032126006,14.43462830125691,18.13080024356048,18.270207405069232,11.38675937278882,13.111675617397553,Araneidae,Nuctenea,umbratica,1872065.0,urn:lsid:nmbe.ch:spidersp:016784,Unknown,Female,2017-07-23,United Kingdom,,0.216,0.069,28.6,1.7,2.21,0.36,15.5,4.8,222.0,277.0,299.0,34.0,38.3,6.3,0.43,0.04,6.6,,
224,6019-W1_S22,6019.0,DRR297274,cornutus,Larinioides,Araneidae,19.011266217287847,13.300270887290443,14.979827346790561,6.894817763307944,16.259868708726934,17.065530731668584,15.185004245956254,16.69183123783087,19.732943443503647,17.399723645057477,11.309720338856415,13.80222052340128,Araneidae,Larinioides,cornutus,336591.0,urn:lsid:nmbe.ch:spidersp:016288,Unknown,Female,2017-07-24,United Kingdom,,0.102,0.038,10.7,1.46,1.25,0.2,15.2,3.6,230.0,283.0,298.0,24.0,44.0,7.3,1.74,0.19,6.6,47.3,3.5
225,6048-W1_S1,6048.0,DRR297116,ovata,Enoplognatha,Theridiidae,9.981002069992046,6.879726593081429,8.022367813028454,6.700439718141092,11.04582858698269,12.493355121494906,7.693486957499325,13.692750956118491,15.791362697293891,10.452241242998888,7.266786582642852,16.86498703491952,Theridiidae,Enoplognatha,ovata,81834.0,urn:lsid:nmbe.ch:spidersp:007578,Unknown,Female,2017-07-25,United Kingdom,6.0,0.084,0.071,8.05,1.64,1.32,0.54,13.6,7.0,,,,,50.6,8.2,0.46,0.04,,,
226,6054-W1_S3,6054.0,DRR296675,diadematus,Araneus,Araneidae,20.154291352625435,14.489336674992007,14.299552797777276,7.139551352398794,17.713436530553828,15.870757732324424,12.20199619996036,13.480929718810394,4.807354406809283,14.734559664507039,15.047451047142808,16.050376176193375,Araneidae,Araneus,diadematus,45920.0,urn:lsid:nmbe.ch:spidersp:014834,Unknown,Female,2017-07-25,United Kingdom,11.0,0.082,0.02,6.0,1.22,1.08,0.11,17.8,1.3,240.0,283.0,299.0,13.0,37.6,4.8,1.39,0.04,10.6,38.9,5.1
228,6079-W1_S4,6079.0,DRR296900,montana,Tetragnatha,Tetragnathidae,17.581153353843348,6.820178962415188,8.531381460516313,6.820178962415188,12.879736925971843,16.500854638194767,12.05290818855013,2.807354922057604,13.516441392720019,14.750192072181614,9.199071054905959,14.628465656737937,Tetragnathidae,Tetragnatha,montana,500645.0,urn:lsid:nmbe.ch:spidersp:014265,Unknown,Female,2017-07-26,United Kingdom,9.0,0.104,0.07,5.92,0.44,1.51,0.51,16.2,6.2,,,,,53.0,8.6,0.4,0.03,,,
229,6084-W1_S23,6084.0,DRR297503,merianae,Metellina,Tetragnathidae,16.601941480589737,3.584962500721156,5.672425341971495,3.584962500721156,11.070791789301792,13.125128242016123,11.591054774036781,10.840777923595054,15.622137637119714,13.52150497112538,6.044394119358453,12.937141230324734,Tetragnathidae,Metellina,merianae,473146.0,urn:lsid:nmbe.ch:spidersp:013918,Unknown,Female,2017-07-26,United Kingdom,,0.121,0.036,11.6,4.51,1.43,0.18,16.8,5.7,257.0,283.0,299.0,7.0,40.8,4.2,0.64,0.02,12.0,,
230,6129-W1_S14,6129.0,DRR296917,dispar,Zygiella,Araneidae,14.831925569460697,15.47137542398911,8.330916878114618,15.471121353220118,14.16152838850405,16.217598418867773,11.537703844960788,13.640470904590087,10.339850136467492,16.120217699891874,16.130060790440687,14.178968987921197,Araneidae,Zygiella,dispar,2175612.0,urn:lsid:nmbe.ch:spidersp:017170,Unknown,Female,2017-08-07,Japan,5.0,0.102,0.04,10.4,1.82,1.63,0.18,13.2,2.3,,,,,60.0,12.2,0.36,0.03,,,
232,6266-W1_S16,6266.0,DRR296450,nubilus,Episinus,Theridiidae,12.512781269512283,6.019372786334141,6.475733430966398,5.0,3.807354922057604,9.529430480605795,4.700439718141092,12.43306376512207,18.493542763901278,9.91886324144768,6.177653562549759,11.009824235085878,Theridiidae,Episinus,nubilus,1112416.0,urn:lsid:nmbe.ch:spidersp:007658,Unknown,Female,2017-08-23,Japan,3.0,0.131,0.061,6.31,1.22,1.7,0.36,18.9,4.7,,,,,82.7,10.3,0.33,0.03,,,
233,6323-W1_S17,6323.0,DRR296776,omonaga,Cyclosa,Araneidae,16.948281200853337,9.326429261691073,11.795601581345535,4.807354905724235,15.54928914758979,12.694132527969222,10.872675296536155,13.172265713693378,14.231888910245406,15.326276437212156,10.222604137909016,14.246031638355747,Araneidae,Cyclosa,omonaga,1933405.0,urn:lsid:nmbe.ch:spidersp:015675,Unknown,Female,2017-09-12,Japan,7.0,0.153,0.073,5.35,0.98,1.33,0.47,27.1,5.8,,,,,41.6,4.6,0.62,0.05,,,
234,6327-W1_S18,6327.0,DRR296520,japonica,Cyclosa,Araneidae,17.781710077078355,11.646197482849862,14.175507826175771,6.438073407689861,15.604091584893201,13.976745755237927,12.058334908020331,13.485340417353928,18.16747314227357,15.153125872026438,9.482123573407247,14.938762708314792,Araneidae,Cyclosa,japonica,1112403.0,urn:lsid:nmbe.ch:spidersp:015637,Unknown,Female,2017-09-12,Japan,7.0,0.143,0.062,17.3,4.1,2.42,0.59,12.3,2.8,212.0,276.0,297.0,25.0,50.4,10.6,0.54,0.04,6.5,,
235,6329-W1_S19,6329.0,DRR297442,miniaceus,Argyrodes,Theridiidae,10.965818387153279,6.392317422778761,7.20945336562895,6.189824558880018,14.658660620171512,7.378107720483955,11.032734529963989,13.3320363259787,15.700756650563568,6.2667866171633575,8.205210434371546,12.582167313289087,Theridiidae,Argyrodes,miniaceus,1529486.0,urn:lsid:nmbe.ch:spidersp:007098,Unknown,Female,2017-09-12,Japan,4.0,0.077,0.035,8.62,2.31,1.51,0.43,12.3,2.3,,,,,62.3,7.3,0.38,0.02,,,
237,65-W8_S10,65.0,DRR297546,aemula,Argiope,Araneidae,13.816620860693979,6.539158811108031,6.044394119358453,6.539158811108031,19.339948298305007,17.364481256948405,10.92348987679024,15.475414797883644,19.697868574542856,16.04916890098925,10.976618133893435,15.912548378000391,Araneidae,Argiope,aemula,332528.0,urn:lsid:nmbe.ch:spidersp:015339,Unknown,Female,2014-12-08,Japan,,0.245,0.094,6.5,1.4,1.74,0.8,32.7,7.4,,,,,37.2,17.1,1.89,0.18,,,
238,6544-W1_S6,6544.0,DRR296909,yunohamensis,Yunohamella,Theridiidae,19.915774896339585,6.643856189774724,8.238404739325079,6.584962500721156,14.30897879121594,16.388395953607997,7.219168520462161,14.868388531938313,3.169925001442312,13.897234141380611,7.9863354420971,12.198420446956625,Theridiidae,Yunohamella,yunohamensis,2337715.0,urn:lsid:nmbe.ch:spidersp:008795,Unknown,Unknown,2017-10-11,Japan,3.0,0.112,0.049,13.1,2.8,2.13,0.6,11.2,1.7,,,,,65.7,10.6,0.37,0.02,,,
240,6677-W1_S2,6677.0,DRR297741,brouni,Backobourkia,Araneidae,17.062574687390104,13.598171111577665,9.928943763292388,6.599912842187128,18.029840821893764,13.626621082552575,11.141469219581884,13.061841654272254,9.333153381981155,16.817391078350543,13.798039354355724,15.06883321012115,Araneidae,Backobourkia,brouni,2337322.0,urn:lsid:nmbe.ch:spidersp:043116,Unknown,Unknown,2017-10-29,Australia,8.0,0.212,0.104,5.77,1.65,1.6,0.5,25.6,5.3,,,,,80.0,13.5,0.64,0.05,,,
241,6700-W1_S10,6700.0,DRR297964,-,Eriophora,Araneidae,15.753111731346852,10.240404017904163,10.216729054943446,6.518459603233013,12.683266598237562,14.326347323017073,7.879028498707305,10.072929181963804,9.80089990403813,10.345921211650094,10.502676832369458,18.52638927879089,Araneidae,Eriophora,sp. (OTU0926),2337405.0,,Unknown,Female,2017-10-30,Australia,15.0,0.154,0.032,5.76,0.17,1.04,0.29,24.0,8.8,217.0,276.0,298.0,16.0,50.8,8.2,0.42,0.02,5.4,45.7,5.6
243,6713-W1_S13,6713.0,DRR297419,transmarina,Eriophora,Araneidae,14.888513455832141,8.797661527024506,9.534585240122045,6.375039437623813,18.599910099014163,15.95870406394647,12.449509847330264,11.490299198582553,10.11634419332575,10.682406430979661,11.61640098220979,15.77892787676203,Araneidae,Eriophora,transmarina,2115798.0,urn:lsid:nmbe.ch:spidersp:015889,Unknown,Male,2017-10-30,Australia,12.0,0.273,0.072,13.7,1.31,1.93,0.36,25.6,3.0,223.0,285.0,302.0,19.0,78.7,2.9,1.43,0.03,3.4,39.9,7.1
245,6727-W1_S17,6727.0,DRR296458,keyserlingi,Argiope,Araneidae,17.486081268118575,6.906890355159325,8.808462615287256,6.459431618637297,18.41348271118878,13.999776685594846,10.861270660867174,14.441317246195425,8.7355350095556,12.666530310524097,11.180426676714623,14.643062047334167,Araneidae,Argiope,keyserlingi,332532.0,urn:lsid:nmbe.ch:spidersp:015377,Unknown,Female,2017-10-30,Australia,10.0,0.368,0.122,31.7,9.7,2.45,0.43,22.4,6.9,216.0,274.0,297.0,20.0,42.7,6.6,0.43,0.03,7.4,,
246,6748-W1_S21,6748.0,DRR297943,australasia,Poecilopachys,Araneidae,17.61009513063669,7.408981976595326,8.531481275963403,6.440013793626166,16.07669077536607,14.149314700787896,10.4991815564111,16.69888558420617,17.499705586987588,16.900313960447377,13.519032994311232,13.014584429953644,Araneidae,Poecilopachys,australasia,386120.0,urn:lsid:nmbe.ch:spidersp:016935,Unknown,Female,2017-10-30,Australia,7.0,0.123,0.003,7.89,1.14,0.95,0.05,23.7,0.8,208.0,268.0,292.0,19.0,51.2,4.2,1.49,0.03,9.4,43.0,6.7
247,6755-W1_S22,6755.0,DRR297580,plumipes,Trichonephila,Araneidae,17.752502451587194,12.854185781176591,8.948367231584678,12.84362584757977,14.68053583643729,16.250253815313627,9.810571673298698,14.105134322060785,9.221586454290058,12.549012992782533,11.998486267325845,12.049978425552537,Araneidae,Trichonephila,plumipes,941800.0,urn:lsid:nmbe.ch:spidersp:013971,Unknown,Female,2017-10-31,Australia,16.0,0.135,0.069,7.81,1.38,0.81,0.22,28.2,7.6,233.0,285.0,304.0,19.0,31.9,2.7,1.25,0.04,8.2,8.9,1.1
248,6762-W1_S23,6762.0,DRR296859,plumipes,Trichonephila,Araneidae,18.11708433470223,13.192645957243185,8.64451446142559,13.181973933474463,13.204877314611753,14.474021814348571,9.78463489462878,13.370710163856138,10.181151880822892,11.674458853390961,10.115501122696049,11.783333548435966,Araneidae,Trichonephila,plumipes,941800.0,urn:lsid:nmbe.ch:spidersp:013971,Unknown,Female,2017-10-31,Australia,10.0,0.136,0.019,12.1,3.35,1.44,0.06,18.1,4.1,208.0,268.0,297.0,21.0,48.8,0.0,0.46,0.03,9.0,40.3,5.4
249,6767-W1_S24,6767.0,DRR297150,-,Arkys,Araneidae,12.59683593909708,8.023278416297565,8.966810679754575,7.367756756289271,9.052568050804153,9.299208018891077,7.409390936137702,5.832890014164741,8.924226804489338,8.748193521086678,9.49361859028835,20.537344187774885,Arkyidae,Arkys,sp. (OTU0789),2337315.0,,Unknown,Unknown,2017-10-31,Australia,,0.226,0.074,9.59,1.49,1.51,0.13,25.4,5.8,,,,,45.1,8.0,0.55,0.04,,,
250,6774-W1_S2,6774.0,DRR297286,-,Steatoda,Theridiidae,11.499674073984421,7.0,8.159871336778389,6.087462841250339,9.64503802346684,10.540022849295664,7.303780748177103,12.848818520317238,9.487968120452372,8.815820156502419,7.0794763783036805,16.386670079272406,Theridiidae,Steatoda,sp. (OTU0808),2337658.0,,Unknown,Female,2017-10-31,Australia,9.0,0.14,0.047,6.31,2.4,1.11,0.13,28.3,7.3,,,,,51.5,7.4,0.49,0.04,,,
252,6784-W1_S5,6784.0,DRR297018,eburnus,Plebs,Araneidae,15.833570010098796,6.719681133888015,10.515028099497759,6.321928094887363,16.195418218547644,13.377477650875871,11.181774063521088,14.077148887659755,16.836955944319065,13.036828106663494,13.180518521385736,13.751410106016786,Araneidae,Plebs,eburnus,2115801.0,urn:lsid:nmbe.ch:spidersp:014852,Unknown,Female,2017-10-31,Australia,6.0,0.112,0.066,7.93,1.01,1.17,0.32,17.4,7.6,203.0,271.0,298.0,26.0,66.8,8.3,0.37,0.02,13.0,,
253,6786-W1_S9,6786.0,DRR297789,-,Cyclosa,Araneidae,15.31882615911853,8.912366938166441,12.8634395476863,6.6865005271832185,12.924209065214212,12.571554733308417,6.935306559405067,12.322232284201307,16.384118225972507,12.576529405546475,9.80813048241598,18.634481424330296,Araneidae,Cyclosa,sp. (OTU0457),2337387.0,,Unknown,Female,2017-10-31,Australia,7.0,0.054,0.018,8.38,1.49,1.0,0.17,10.8,3.1,194.0,237.0,273.0,17.0,59.7,12.1,0.37,0.04,12.2,,
254,6787-W1_S11,6787.0,DRR297783,gigantipes,Cryptachaea,Theridiidae,18.32290702854429,7.475733447176454,8.485115631983893,6.426264788253145,13.671138461451847,12.695444052473311,7.643856334044222,10.695991038749218,15.917262199166428,10.338471753307077,8.134758276447712,13.247778353281635,Theridiidae,Cryptachaea,gigantipes,2337375.0,urn:lsid:nmbe.ch:spidersp:008392,Unknown,Female,2017-10-31,Australia,7.0,0.243,0.065,14.0,5.15,2.04,0.32,19.7,2.1,,,,,58.0,10.7,0.41,0.04,,,
255,6788-W1_S10,6788.0,DRR297285,hasselti,Latrodectus,Theridiidae,15.198821743890703,7.795280248071635,8.430452551665532,6.742735996616998,12.519144036019144,11.02338880103415,9.400879436282183,12.883553868025523,18.058948803190816,9.3944637992011,8.26173224161348,11.64280587503058,Theridiidae,Latrodectus,hasselti,256736.0,urn:lsid:nmbe.ch:spidersp:007810,Unknown,Female,2017-10-31,Australia,,0.212,0.066,15.1,4.07,1.99,0.35,17.9,3.6,216.0,279.0,301.0,22.0,58.9,10.7,1.37,0.04,6.5,16.2,5.1
256,6795-W1_S8,6795.0,DRR297210,dromedaria,Leucauge,Tetragnathidae,18.159170610960576,7.442943498299568,10.059841464175221,6.894817766891525,14.638719828393274,14.170011490839542,11.007027219364947,14.822919314027354,15.132420003295563,12.805726386420563,13.039617923530372,13.99639439016381,Tetragnathidae,Leucauge,dromedaria,2337455.0,urn:lsid:nmbe.ch:spidersp:013717,Unknown,Female,2017-10-31,Australia,8.0,0.161,0.024,17.3,6.6,2.3,0.14,13.3,2.9,202.0,266.0,294.0,,41.5,9.1,0.52,0.05,12.5,,
257,6796-W1_S7,6796.0,DRR297688,keyserlingi,Argiope,Araneidae,17.522795588312405,7.189824558880018,8.341524605132857,6.321928094887363,17.485374660158218,14.202946804109606,10.777814019017406,13.353963242015745,9.53333087141144,13.41028053237054,11.360748759532667,14.70853529810925,Araneidae,Argiope,keyserlingi,332532.0,urn:lsid:nmbe.ch:spidersp:015377,Unknown,Female,2017-10-31,Australia,9.0,0.202,0.046,11.6,1.08,1.59,0.05,19.9,4.6,214.0,277.0,299.0,22.0,42.3,3.9,0.66,0.03,9.8,33.4,5.4
258,6816-W1_S16,6816.0,DRR297225,pustulosa,Eriophora,Araneidae,16.630201798209146,11.036173653773343,12.066465941592238,6.392317422778761,16.509441660833385,16.582854082553204,12.833123547440001,12.926593165516115,8.820177378031941,14.9974031027677,13.614204333654023,15.583411182069591,Araneidae,Eriophora,pustulosa,693724.0,urn:lsid:nmbe.ch:spidersp:015885,Unknown,Female,2017-11-04,Australia,6.0,0.141,0.04,7.61,0.39,1.27,0.21,23.5,0.2,216.0,279.0,297.0,27.0,35.0,4.1,0.82,0.05,6.9,,
259,6821-W1_S17,6821.0,DRR297668,-,-,Araneidae,12.758358689260263,10.936250589635208,8.142392503939064,6.266786540694901,8.566734861394014,13.637168813606674,8.264441901164446,5.169930611912117,9.869141928105623,12.998950833205233,9.955862082872782,18.395157355861908,Araneidae,Gen.,sp. (OTU0726),2337815.0,,Unknown,Female,2017-11-04,Australia,7.0,0.125,0.068,14.5,5.81,2.27,0.75,13.0,2.7,,,,,44.1,6.6,0.55,0.03,,,
261,6838-W1_S23,6838.0,DRR297178,-,Cryptaranea,Araneidae,17.087032328671057,8.42131264613496,12.381254310222054,6.437841938920096,11.944771181586773,12.939396346454734,8.202951727480034,8.991912086318436,10.703573037428228,12.323221976199157,12.16191823194353,18.442810899353695,Araneidae,Cryptaranea,sp. (OTU0455),2337743.0,,Unknown,Female,2017-11-05,Australia,,0.106,0.023,8.73,2.12,1.09,0.13,18.7,3.8,197.0,268.0,293.0,27.0,32.9,7.1,2.13,0.07,18.4,,
262,6843-W1_S24,6843.0,DRR296877,pustulosa,Eriophora,Araneidae,15.187473036693431,9.734709789556232,9.744133203645267,6.870364719583405,16.419477085266994,15.133325956368248,12.013057017193256,11.231110519586903,17.605151277308575,12.418125178506664,11.974655814536996,14.39296507791629,Araneidae,Eriophora,pustulosa,693724.0,urn:lsid:nmbe.ch:spidersp:015885,Unknown,Female,2017-11-05,Australia,,0.165,0.052,15.3,2.12,1.41,0.19,18.1,3.7,212.0,279.0,300.0,21.0,58.4,9.5,0.57,0.03,10.0,4.2,1.5
264,6848-W1_S3,6848.0,DRR297518,gigantipes,Cryptachaea,Theridiidae,18.732871009767184,7.098032087172775,8.67595703294175,6.614709850003759,13.272775547251284,11.705201181720506,6.459431618637297,11.195373548585565,15.680358360554662,10.336623398872181,7.870664991572913,14.131364374400219,Theridiidae,Cryptachaea,gigantipes,2337375.0,urn:lsid:nmbe.ch:spidersp:008392,Unknown,Female,2017-11-05,Australia,,0.064,0.025,3.47,0.75,0.57,0.11,20.2,3.6,256.0,294.0,307.0,20.0,33.3,2.1,1.04,0.03,11.2,25.2,7.4
265,6849-W1_S4,6849.0,DRR297520,-,Plebs,Araneidae,14.3786451439308,6.459788805382206,12.047108095732959,6.247927513443585,11.913284515522628,13.178509478020835,6.369846842246147,9.941253344052322,1.584962500721156,11.800609779066669,12.482122705516714,18.199451530332134,Araneidae,Plebs,sp. (OTU0517),2337612.0,,Unknown,Female,2017-11-05,Australia,8.0,0.142,0.05,8.65,2.09,1.6,0.13,18.9,5.6,,,,,59.7,5.1,0.41,0.02,,,
267,6965-W1_S21,6965.0,DRR297792,pygmaea,Hypsosinga,Araneidae,18.797226176580622,6.539158817095991,8.455015589182473,6.523561962110059,15.541692269139356,16.361293824319702,11.918821836698292,15.46131918476637,18.777184400280674,14.226544463024926,10.310868922663538,13.0058980275998,Araneidae,Hypsosinga,pygmaea,336661.0,urn:lsid:nmbe.ch:spidersp:016190,Unknown,Female,2017-12-08,Japan,3.0,0.118,0.019,10.9,4.11,1.45,0.07,18.2,4.4,,,,,46.1,6.7,0.45,0.04,,,
268,7298-W1_S3,7298.0,DRR168614,darwini,Caerostris,Araneidae,16.353573035903395,6.426264754702098,15.58408802689248,6.426264754702098,17.29351789085579,18.18332863427282,16.066613787912573,14.934428040626804,19.880761323602666,14.346100454709362,10.92516184640645,12.090829154624457,Araneidae,Caerostris,darwini,1538125.0,urn:lsid:nmbe.ch:spidersp:043500,Unknown,Female,2018-10-25,Madagascar,15.0,0.217,0.084,8.21,1.02,1.15,0.23,30.5,6.2,212.0,275.0,296.0,28.0,38.0,1.6,3.47,0.11,4.8,45.5,3.8
269,7302-W1_S2,7302.0,DRR168615,livida,Nephilingis,Araneidae,16.2353714178474,11.081657316640289,7.417852514885898,11.074316228380832,14.892068717434194,16.07468491309624,12.063395152412024,14.919377748356053,6.569855608330948,15.462244326360846,12.14645573127181,11.54290000986521,Araneidae,Nephilingis,livida,2511332.0,urn:lsid:nmbe.ch:spidersp:043939,Unknown,Female,2018-10-25,Madagascar,25.0,0.25,0.057,13.1,1.6,1.9,0.2,23.7,2.9,236.0,292.0,309.0,30.0,51.9,6.2,3.96,0.19,4.6,27.2,9.0
270,7303-W1_S15,7303.0,DRR168616,livida,Nephilingis,Araneidae,16.577976893692867,11.421038007335168,7.22881869049588,11.415767011908024,15.143982472460198,16.00555944296907,13.2469883565289,14.425149668961208,7.7194259253471404,15.522858884242309,11.035197661184732,11.510373980889145,Araneidae,Nephilingis,livida,2511332.0,urn:lsid:nmbe.ch:spidersp:043939,Unknown,Female,2018-10-25,Madagascar,25.0,0.181,0.052,8.78,2.15,1.63,0.17,22.5,5.6,223.0,282.0,303.0,33.0,45.4,6.0,3.86,0.2,4.9,,
271,7304-W1_S14,7304.0,DRR168619,livida,Nephilingis,Araneidae,16.33908557570635,10.815482215507247,7.260352879460974,10.813078555897325,14.436452078312202,15.887141425375086,11.875364786238642,14.417193192088416,2.321928094887362,15.664280056512016,11.884928837686727,10.884873712746526,Araneidae,Nephilingis,livida,2511332.0,urn:lsid:nmbe.ch:spidersp:043939,Unknown,Female,2018-10-25,Madagascar,24.0,0.39,0.127,16.9,6.52,2.97,0.17,21.4,6.0,236.0,290.0,307.0,35.0,40.9,11.6,3.37,0.43,5.8,22.1,2.5
272,7305-W1_S12,7305.0,DRR168620,livida,Nephilingis,Araneidae,16.99366280100834,13.136487474528574,7.507794640198696,13.13339884468862,16.523332011120527,17.66715327415468,13.667222845341616,15.608312534979122,8.430452551665532,16.121512858661564,12.04428631759467,11.821041029071274,Araneidae,Nephilingis,livida,2511332.0,urn:lsid:nmbe.ch:spidersp:043939,Unknown,Female,2018-10-25,Madagascar,25.0,0.131,0.049,9.93,2.82,1.55,0.16,15.7,4.2,231.0,289.0,307.0,24.0,52.9,3.7,3.51,0.14,5.3,,
273,7306-W1_S13,7306.0,DRR168621,livida,Nephilingis,Araneidae,18.477244088434055,13.358385370557938,7.7615515076867325,13.356185734311115,16.121048104747054,17.142166436488544,13.170709802836758,16.16307881730311,1.0,17.09418109263856,12.11463705452233,11.858731375882767,Araneidae,Nephilingis,livida,2511332.0,urn:lsid:nmbe.ch:spidersp:043939,Unknown,Female,2018-10-25,Madagascar,23.0,0.095,0.032,6.7,0.29,0.53,0.08,25.3,5.1,240.0,290.0,308.0,34.0,50.8,1.9,2.63,0.05,5.6,20.8,4.9
274,7320-W1_S10,7320.0,DRR168629,-,Cyrtophora,Araneidae,10.832221041011836,6.317462358588015,7.189824558880018,5.994416345273834,15.367616657297893,3.4594316202530373,5.087462841250339,10.800843533720696,3.504129665530038,5.321927951053581,8.136468576111614,20.232509617945983,Araneidae,Cyrtophora,sp. (OTU0410),2511309.0,,Unknown,Female,2018-10-25,Madagascar,8.0,0.303,0.059,9.28,2.01,1.47,0.01,35.6,8.3,,,,33.0,51.8,2.8,1.2,0.03,,,
275,7322-W1_S1,7322.0,DRR168625,-,Cyrtophora,Araneidae,10.81644187289401,6.828925639943476,6.954196310386875,6.080810493953309,15.521875166482799,4.906890751440253,5.201633861169651,11.89896069767079,14.084612594022706,5.857981033495798,7.87212641957255,21.282947111950158,Araneidae,Cyrtophora,sp. (OTU0410),2511309.0,,Unknown,Female,2018-10-25,Madagascar,10.0,0.18,0.074,16.1,2.38,1.68,0.1,17.6,6.1,243.0,299.0,319.0,43.0,53.6,4.5,1.73,0.08,4.7,7.8,2.9
276,7324-W1_S11,7324.0,DRR168630,-,Cyrtophora,Araneidae,11.077539262986352,6.247927513443585,7.475733430966398,5.857980995127572,15.326059817062141,3.4814332836845368,5.754887502163468,11.372797656609102,12.576844888864892,4.90689039540379,6.941626253183253,20.012147491568985,Araneidae,Cyrtophora,sp. (OTU0410),2511309.0,,Unknown,Female,2018-10-25,Madagascar,10.0,0.165,0.042,16.1,1.7,1.54,0.13,16.9,2.5,239.0,284.0,304.0,42.0,53.8,3.9,1.92,0.08,4.6,6.0,2.3
277,7354-W1_S12,7354.0,DRR168632,-,Gasteracantha,Araneidae,17.66228736075528,11.278087153400524,15.611454845600326,6.7463163946591695,7.348575556820538,13.589646157882797,6.424686657171469,8.85272721267926,9.411612460350138,12.11654186189799,14.660422991472027,20.68627375041031,Araneidae,Gasteracantha,sp. (OTU0635),2511311.0,,Unknown,Female,2018-10-25,Madagascar,,0.223,0.058,10.2,1.18,1.3,0.05,26.3,6.8,235.0,284.0,304.0,22.0,42.3,5.4,1.78,0.14,5.8,37.6,4.0
279,7389-W1_S5,7389.0,DRR168643,-,-,Araneidae,13.909141301586926,8.075928333987237,8.12458662228021,7.628146580563919,8.399779294337694,12.678182199261066,6.8930846230294325,5.129285490134345,15.559745648510022,14.797529923454942,11.317253937633728,21.40688447839696,Araneidae,Gen.,sp. (OTU0673),2511324.0,,Unknown,Female,2018-10-26,Madagascar,12.0,0.144,0.07,12.9,1.65,1.57,0.25,17.7,5.6,232.0,286.0,305.0,25.0,38.7,2.6,2.25,0.07,6.3,45.0,4.5
280,7392-W1_S21,7392.0,DRR168645,-,-,Araneidae,14.272635912397766,8.948104952380039,8.600112686227755,8.070980668208339,9.334978546070824,13.885128944959861,6.4457910677481385,6.585486584716517,10.439739437691323,14.999438894059622,11.8651256199918,21.288206856821912,Araneidae,Gen.,sp. (OTU0673),2511324.0,,Unknown,Female,2018-10-26,Madagascar,13.0,0.176,0.035,11.1,1.41,1.64,0.23,21.5,1.1,,,,,40.2,2.7,1.47,0.03,,,
282,7416-W1_S13,7416.0,DRR168635,-,Cyrtophora,Araneidae,11.542119644895646,7.2903957421079255,6.94251450533924,7.061137750172229,16.401067653427248,6.507794332635106,5.727920454563199,12.656133208946418,9.283088653130012,7.159871740329393,8.745093316044183,21.64667652966988,Araneidae,Cyrtophora,sp. (OTU0804),2511314.0,,Unknown,Female,2018-10-27,Madagascar,15.0,0.142,0.049,14.0,2.25,1.63,0.05,16.5,6.1,222.0,293.0,317.0,28.0,54.3,2.7,2.49,0.06,3.6,,
283,7421-W1_S15,7421.0,DRR168623,extrusa,Caerostris,Araneidae,18.70273565107979,6.599912842187128,16.331774012423132,6.507794640198696,18.14881338355395,18.75664165153903,15.647803334708735,14.331898217471274,4.754887502163468,17.547203259297504,16.328388777015117,15.680774086237559,Araneidae,Caerostris,extrusa,172846.0,urn:lsid:nmbe.ch:spidersp:015477,Unknown,Female,2018-10-27,Madagascar,8.0,0.172,0.076,8.91,1.29,1.31,0.19,23.5,5.5,,,,23.0,45.3,2.1,1.45,0.04,,35.2,11.1
284,7426-W1_S6,7426.0,DRR168628,-,Acrosomoides,Araneidae,15.791845301294725,11.631631810464423,13.047342899123018,7.417852514885898,5.78135971352466,10.980496320582727,5.954196310386875,8.900866807980748,3.3219281484113474,11.435414369192305,13.45812632187032,19.125547603871848,Araneidae,Acrosomoides,sp. (OTU0988),2511307.0,,Unknown,Female,2018-10-27,Madagascar,6.0,0.146,0.041,9.02,0.88,1.02,0.13,26.1,5.2,,,,25.0,33.6,2.0,2.23,0.04,,39.3,5.3
285,7439-W1_S16,7439.0,DRR168624,darwini,Caerostris,Araneidae,18.42877702942272,7.115458420645751,17.108083196512922,6.9848725300758785,17.250701963320832,18.362824679042788,15.392696835090216,14.92967451065617,6.339850002884624,16.920988799606633,12.515837783854897,14.283276437261547,Araneidae,Caerostris,darwini,1538125.0,urn:lsid:nmbe.ch:spidersp:043500,Unknown,Female,2018-10-29,Madagascar,12.0,0.229,0.033,11.7,1.25,1.46,0.1,25.2,3.4,199.0,268.0,290.0,31.0,42.5,1.2,3.44,0.03,7.1,43.9,4.4
286,7441-W1_S4,7441.0,DRR168617,inaurata,Trichonephila,Araneidae,18.141763943292396,11.65388270166372,7.807354922057604,11.644900402344494,15.569262040663535,16.864883495849206,11.849015773797879,15.551769705909486,16.774967405074563,14.855197267022664,13.56237968602138,12.316639443916955,Araneidae,Trichonephila,inaurata,222470.0,urn:lsid:nmbe.ch:spidersp:013953,Unknown,Female,2018-10-29,Madagascar,38.0,0.166,0.022,11.1,2.15,1.35,0.18,21.1,1.3,235.0,285.0,304.0,24.0,47.5,9.7,6.69,0.63,5.8,43.3,3.6
287,7447-W1_S14,7447.0,DRR168618,geometricus,Latrodectus,Theridiidae,13.466877486268459,8.597234459003278,7.392317422778761,8.582256040965046,13.498230227884106,14.326249581811897,10.138275576520758,15.007816578677035,18.914228447516226,5.491853096329675,7.840896292283773,12.160687526296545,Theridiidae,Latrodectus,geometricus,156851.0,urn:lsid:nmbe.ch:spidersp:007809,Unknown,Female,2018-10-29,Madagascar,14.0,0.118,0.026,9.77,1.25,0.97,0.03,19.6,3.2,222.0,288.0,309.0,27.0,45.1,5.8,2.49,0.2,6.0,21.4,2.6
