Orthogroup,ID,idv_id,DRR,species_x,Genus,Family,OG0000264,OG0000282,OG0003351,OG0004409,OG0004717,OG0007747,OG0008243,OG0008312,OG0008607,OG0009194,OG0009245,OG0009741,OG0010802,family,genus,species_y,ncbi_tax_id,wsc_lsid,type_of_web,sex,sampled_at,country,size,toughness,toughness_sd,young's_modulus,young's_modulus_sd,tensile_strength,tensile_strength_sd,strain_at_break,strain_at_break_sd,one_percent_weightloss,five_percent_weightloss,ten_percent_weightloss,crystallinity,birefringence,birefringence_sd,diameter,diameter_sd,water_content,supercontraction,supercontraction_sd
Group,,,,,,,SpiCE,,,,,,,,,,,,,,,,,,,,,,,,,,,,,,,,,,,,,,,,,
geneName,,,,,,,"Spice_3,Spice_4,Spice_5,Spice_6,Spice_2,Spice_1,Spice_7,Spice_8,Spice_9,Spice_10,Spice_11,Spice_12,Spice_13,Spice_14,Spice_15,Spice_16","LASC013595,tg_5,LASC013597,LASC013602,LASC013604,LASC013605,LASC013607,LASC013608,LASC013609,LASC013610,nid2,cd74_2",LASC004266,rpl34,"LASC001730,LASC001731,LASC001732,LASC001733",cpib,sp-1339#prd34368.1_4,LASC018595,LASC012976,spa,LASC013229,LASC010016,LASC018762,,,,,,,,,,,,,,,,,,,,,,,,,,,,,
product,,,,,,,hypothetical protein,"hypothetical protein,Thyroglobulin,Nidogen-2,H-2 class II histocompatibility antigen gamma chain","hypothetical, protein",60S ribosomal protein L34,hypothetical protein,Cystatin-A2,Sp-1339#PRD34368.1 protein,hypothetical protein,hypothetical protein,"hypothetical protein,Immunoglobulin G-binding protein A",hypothetical protein,hypothetical protein,hypothetical protein,,,,,,,,,,,,,,,,,,,,,,,,,,,,,
lascID,,,,,,,"LASC001444,LASC001445,LASC001446,LASC001447,LASC006055,LASC006056,LASC006058,LASC007774,LASC007775,LASC007913,LASC007919,LASC007920,LASC007921,LASC007923,LASC014000,LASC014001","LASC013595,LASC013596,LASC013597,LASC013602,LASC013604,LASC013605,LASC013607,LASC013608,LASC013609,LASC013610,LASC013611,LASC013612",LASC004266,LASC001629,"LASC001730,LASC001731,LASC001732,LASC001733",LASC010562,LASC010015,LASC018595,LASC012976,LASC020240,LASC013229,LASC010016,LASC018762,,,,,,,,,,,,,,,,,,,,,,,,,,,,,
0,101-W7_S13,101.0,DRR296821,pilipes,Nephila,Araneidae,14.78855212417899,7.71288943418917,0.0,9.60584431266026,0.0,9.941839917040246,0.0,0.0,7.635747137161369,0.0,0.0,0.0,0.0,Araneidae,Nephila,pilipes,299642.0,urn:lsid:nmbe.ch:spidersp:013960,Unknown,Female,2014-12-08,Japan,,0.292,0.04,7.0,2.5,1.72,0.33,41.8,6.8,,,,26.0,39.6,10.4,2.75,0.09,,,
1,1345-W1_S7,1345.0,DRR296993,sia,Yaginumia,Araneidae,9.123386358521433,7.733693076554649,0.0,10.009156789171302,3.476672012072091,9.81189804719034,9.264001044520574,2.179683016914338,0.0,0.0,7.650016311653112,1.4377763701407316,0.0,Araneidae,Yaginumia,sia,1112568.0,urn:lsid:nmbe.ch:spidersp:017156,Unknown,Female,2015-06-15,Japan,8.0,0.116,0.041,8.79,3.9,0.96,0.23,19.7,3.5,,,,15.0,65.0,10.3,1.19,0.08,,,
3,1793-W1_S4,1793.0,DRR297051,akirai,Cyrtarachne,Araneidae,9.290897033380784,12.711043606696311,0.0,9.393117982242629,3.568778804213228,8.910079752232303,7.4564825577026825,4.561387851440172,0.0,0.0,0.0,0.0,0.0,Araneidae,Cyrtarachne,akirai,1463313.0,urn:lsid:nmbe.ch:spidersp:046730,Unknown,Female,2015-07-21,Japan,8.0,0.104,0.027,12.1,2.8,0.94,0.09,17.3,4.5,233.0,277.0,295.0,16.0,31.9,14.8,3.21,0.89,5.7,,
4,1894-W1_S12,1894.0,DRR296495,ishisawai,Araneus,Araneidae,8.990852637521968,9.589557691301689,4.5617599185352855,0.0,6.595888510847156,9.071792160341454,8.685492739925115,4.800691308661603,10.934656951702896,8.19254256405502,7.642568009514743,4.490974387804137,10.300261030380156,Araneidae,Araneus,ishisawai,1112384.0,urn:lsid:nmbe.ch:spidersp:014949,Unknown,Female,2015-08-26,Japan,15.0,0.05,0.018,9.6,2.56,0.63,0.12,12.1,2.7,226.0,288.0,303.0,20.0,41.8,5.2,2.3,0.21,5.8,47.8,4.8
5,1974-W1_S8,1974.0,DRR297664,marmoreus,Araneus,Araneidae,7.669780169922322,13.050452364481094,10.26773966920659,9.046506560198761,4.271274764928605,8.42660441906967,7.85196761501558,5.0526966324014895,9.599321513513566,7.413072744238769,4.6863610132278986,4.755244979075653,9.761760640719537,Araneidae,Araneus,marmoreus,336584.0,urn:lsid:nmbe.ch:spidersp:015005,Unknown,Female,2015-08-28,Japan,21.0,0.023,0.011,6.99,1.2,0.5,0.17,8.1,1.4,243.0,285.0,304.0,21.0,48.4,15.1,2.07,0.43,5.8,,
7,2057-W1_S19,2057.0,DRR297669,multipuncta,Herennia,Araneidae,12.007913925851204,0.0,0.0,9.273839881581141,4.303408156032323,7.517740241812006,0.0,0.0,0.0,0.0,0.0,0.0,0.0,Araneidae,Herennia,multipuncta,941795.0,urn:lsid:nmbe.ch:spidersp:039408,Unknown,Female,2015-09-07,Malaysia,,0.117,0.059,12.1,3.9,1.27,0.47,15.4,4.3,214.0,271.0,296.0,20.0,50.8,15.0,2.14,0.36,4.9,40.7,1.7
8,2059-W1_S13,2059.0,DRR297832,dehaani,Parawixia,Araneidae,7.9852786353259155,13.662215737937396,0.0,0.0,6.179521002603635,6.7230123963923685,7.498481456879342,3.9879711146731203,8.091065077930535,0.0,8.964981490092821,0.0,0.0,Araneidae,Parawixia,dehaani,2337571.0,urn:lsid:nmbe.ch:spidersp:016893,Unknown,Unknown,2015-09-07,Malaysia,,0.09,0.055,8.0,3.8,0.94,0.44,18.3,5.8,228.0,279.0,309.0,18.0,38.0,15.5,3.33,0.63,9.0,50.4,7.9
9,2156-W1_S9,2156.0,DRR297651,malabarensis,Nephilengys,Araneidae,14.388029857731652,0.0,0.0,9.337403362853875,4.4382662333439065,8.675276089520965,0.0,0.0,6.532767341560478,0.0,0.0,0.0,0.0,Araneidae,Nephilengys,malabarensis,593433.0,urn:lsid:nmbe.ch:spidersp:013993,Unknown,Unknown,2015-09-08,Malaysia,,0.109,0.025,12.3,3.3,1.12,0.11,17.6,4.7,219.0,287.0,309.0,23.0,49.5,22.8,1.57,0.32,2.9,23.9,7.5
10,2158-W1_S10,2158.0,DRR297122,-,Argiope,Araneidae,3.971745861938429,11.201591823197363,0.0,10.904484097901424,8.53619249910528,8.89422662218784,0.0,5.940106809253096,8.350435365455006,0.0,0.0,4.796164392497094,0.0,Araneidae,Argiope,sp. (OTU1080),2337307.0,,Unknown,Female,2015-09-08,Malaysia,,0.082,0.025,9.51,2.11,1.02,0.15,16.3,3.2,222.0,275.0,296.0,30.0,37.1,1.5,4.26,0.07,8.1,60.4,3.1
11,2174-W1_S20,2174.0,DRR296744,moluccensis,Cyrtophora,Araneidae,1.9741658397060038,5.216986368143363,10.828244563239474,8.224093347558938,5.509258787337399,7.281772422744325,0.0,6.236978537256836,9.313540637996793,1.8616020888215339,0.0,4.706613431910097,0.0,Araneidae,Cyrtophora,moluccensis,299645.0,urn:lsid:nmbe.ch:spidersp:015827,Unknown,Female,2015-09-08,Malaysia,,0.1,0.063,10.9,1.3,0.66,0.15,21.8,9.7,243.0,290.0,311.0,17.0,40.2,6.4,2.18,0.15,7.1,12.3,3.4
12,2214-W1_S13,2214.0,DRR296943,nautica,Neoscona,Araneidae,7.05594104356676,13.206289490532068,4.864906197926132,0.0,3.8910108191382364,7.6433295099598855,9.299503580293571,5.05682713598691,0.0,8.364270993098561,5.614650074082555,2.6554525847477763,8.171111731013548,Araneidae,Neoscona,nautica,258338.0,urn:lsid:nmbe.ch:spidersp:016729,Unknown,Female,2015-09-13,Japan,11.0,0.203,0.032,9.4,2.73,1.34,0.17,29.2,2.1,205.0,261.0,289.0,28.0,41.3,5.6,1.18,0.04,5.2,,
13,2566-W1_S4,2566.0,DRR297813,theisi,Neoscona,Araneidae,6.628589164534547,12.491255443835168,3.7096964744880485,0.0,4.23731896557455,0.0,10.501056127259012,6.510910190139645,0.0,9.270806896027342,4.5280230155791275,4.010098604164981,6.5344273982984165,Araneidae,Neoscona,theisi,1112448.0,urn:lsid:nmbe.ch:spidersp:016763,Unknown,Female,2015-10-14,Japan,7.0,0.076,0.073,6.68,1.2,0.76,0.25,16.0,3.7,197.0,263.0,298.0,18.0,36.8,5.8,1.19,0.06,5.1,,
15,2658-W1_S21,2658.0,DRR297180,columnaris,Poltys,Araneidae,6.240414055044073,12.173843130364753,9.143134046311514,8.124079943636353,4.771333108539887,7.32288356388778,0.0,3.615481038162746,0.0,4.816809593667966,7.716179698981828,6.1780931367381005,0.0,Araneidae,Poltys,columnaris,2337615.0,urn:lsid:nmbe.ch:spidersp:016947,Unknown,Female,2015-10-20,Japan,6.0,0.292,0.02,19.1,5.6,2.4,0.05,20.9,1.1,247.0,292.0,314.0,27.0,58.8,6.4,3.6,0.13,7.8,41.9,10.1
16,2664-W1_S15,2664.0,DRR297356,ikomosanensis,Cyrtophora,Araneidae,3.0578037541474474,8.551951682655988,11.745140671820435,8.278458750912234,6.85314546875565,8.071928883656934,0.0,6.554696282414694,0.0,0.0,0.0,7.41554742438997,0.0,Araneidae,Cyrtophora,ikomosanensis,891969.0,urn:lsid:nmbe.ch:spidersp:043614,Unknown,Female,2015-10-21,Japan,19.0,0.198,0.043,16.6,5.3,1.18,0.27,25.0,4.0,259.0,291.0,307.0,15.0,28.4,3.9,2.07,0.16,3.6,10.6,1.2
20,30-W22_S17,30.0,DRR296742,brevispina,Thelacantha,Araneidae,6.79062452934705,11.68907743573049,0.0,8.676320306490426,0.0,8.632500889484517,0.0,2.757147022724786,6.0935052458888475,0.0,0.0,0.0,0.0,Araneidae,Thelacantha,brevispina,1508453.0,urn:lsid:nmbe.ch:spidersp:017085,Unknown,Female,2014-12-08,Japan,,0.09,0.013,3.15,0.7,0.52,0.08,36.1,7.5,,,,,18.7,2.8,4.63,0.48,,,
21,316-W1_S6,316.0,DRR296524,pinguis,Araneus,Araneidae,7.79997116532919,10.378707078284554,8.411592590128567,7.595123184257416,5.485973852662581,9.465772489380978,0.0,5.592995144378403,8.686787636945944,6.447989070000119,6.068887886405682,3.4119630887225845,0.0,Araneidae,Araneus,pinguis,2337295.0,urn:lsid:nmbe.ch:spidersp:015114,Unknown,Female,2014-10-09,Japan,,0.121,0.036,4.2,0.7,0.99,0.47,53.2,3.7,227.0,286.0,306.0,23.0,38.1,11.3,2.54,0.25,7.7,,
22,324-W1_S3,324.0,DRR296820,yaginumai,Araniella,Araneidae,8.267627040401289,8.170825252750742,10.087101644916602,9.350987786073617,7.426027613185277,0.0,10.194958875438298,3.3109319113988946,10.833562166106827,0.0,2.0876732896475003,5.15832167582771,0.0,Araneidae,Araniella,yaginumai,1112389.0,urn:lsid:nmbe.ch:spidersp:038307,Unknown,Unknown,2014-10-09,Japan,,0.161,0.078,11.6,3.8,1.2,0.49,24.5,3.6,,,,,51.5,12.7,1.2,0.08,,,
23,327-W1_S13,327.0,DRR297052,mellotteei,Neoscona,Araneidae,4.541166637613532,11.307001243400267,0.0,0.0,3.5613542445968216,0.0,7.683640317220538,3.504289869337235,0.0,7.464613544176811,6.023071232789977,4.668546354281219,0.0,Araneidae,Neoscona,mellotteei,1968900.0,urn:lsid:nmbe.ch:spidersp:016721,Unknown,Unknown,2014-10-09,Japan,,0.134,0.06,5.21,2.1,0.87,0.25,27.4,11.2,,,,,41.5,6.8,1.23,0.06,,,
24,329-W1_S5,329.0,DRR296490,sia,Yaginumia,Araneidae,11.80950401900885,8.20793676417435,0.0,7.756789803405594,0.0,9.564488683552751,3.3768946215209454,0.0,0.0,0.0,0.0,0.0,0.0,Araneidae,Yaginumia,sia,1112568.0,urn:lsid:nmbe.ch:spidersp:017156,Unknown,Unknown,2014-10-09,Japan,,0.086,0.013,5.48,1.2,0.65,0.14,22.5,5.0,216.0,278.0,301.0,31.0,41.7,13.1,1.91,0.21,4.1,,
25,329-W2_S6,329.0,DRR296798,sia,Yaginumia,Araneidae,9.213750480037705,13.641573525729216,0.0,9.531556912757514,6.884641875145702,8.699086557146888,8.505287802234081,3.924090381689537,0.0,0.0,6.44365140349992,5.466424828400338,10.307166648632808,Araneidae,Yaginumia,sia,1112568.0,urn:lsid:nmbe.ch:spidersp:017156,Unknown,Unknown,2014-10-09,Japan,,0.086,0.013,5.48,1.2,0.65,0.14,22.5,5.0,216.0,278.0,301.0,31.0,41.7,13.1,1.91,0.21,4.1,,
26,3306-W1_S13,3306.0,DRR296560,exanthematica,Cyrtophora,Araneidae,6.639736757741489,8.469343073148437,0.0,8.889686475224263,5.853824778465,8.724547958982551,0.0,5.19053742981074,7.80529890540318,0.0,0.0,3.879891971695763,0.0,Araneidae,Cyrtophora,exanthematica,1538126.0,urn:lsid:nmbe.ch:spidersp:015813,Unknown,Female,2016-04-15,Japan,10.0,0.074,0.04,7.1,2.82,0.81,0.29,17.0,3.2,261.0,297.0,314.0,20.0,42.1,4.1,3.19,0.19,4.8,11.2,6.4
27,3366-W1_S6,3366.0,DRR297406,octotuberculata,Cyclosa,Araneidae,8.517831204960682,13.176973317416493,0.0,0.0,7.149979760721344,9.62926371627133,8.017644696902302,5.993678889976501,0.0,0.0,0.0,0.0,0.0,Araneidae,Cyclosa,octotuberculata,1112407.0,urn:lsid:nmbe.ch:spidersp:015669,Unknown,Female,2016-05-12,Japan,9.0,0.165,0.045,8.85,1.35,1.34,0.17,19.4,3.1,213.0,253.0,295.0,,42.7,13.0,0.97,0.12,5.9,,
32,3469-W1_S8,3469.0,DRR296564,acusisetus,Araneus,Araneidae,7.382800121882714,12.051666036933579,8.267944822027914,10.544587776485942,5.766831263143877,7.4513265228192225,9.446364758828759,3.5963710695225495,10.72792896099473,6.12158531874543,6.475932800886691,4.114115447647366,9.04778374645434,Araneidae,Araneus,acusisetus,1112381.0,urn:lsid:nmbe.ch:spidersp:014661,Unknown,Female,2016-05-13,Japan,4.0,0.053,0.017,3.26,0.35,0.5,0.06,19.7,5.3,,,,11.0,39.2,12.7,1.23,0.12,,,
35,3534-W1_S7,3534.0,DRR297205,sia,Yaginumia,Araneidae,8.498811901365478,12.401713727927774,0.0,9.757904987076992,4.668464662787341,9.701174750453253,10.457751253226224,2.745196449811836,0.0,0.0,7.783288028868236,4.2625985258675065,8.530254158399591,Araneidae,Yaginumia,sia,1112568.0,urn:lsid:nmbe.ch:spidersp:017156,Unknown,Female,2016-05-17,Japan,10.0,0.106,0.036,10.1,2.7,0.97,0.11,16.7,3.5,,,,9.0,52.3,8.0,0.87,0.04,,,
37,3545-W1_S22,3545.0,DRR297415,argenteoalba,Cyclosa,Araneidae,7.316360012221795,12.183749471438603,0.0,10.192280483691226,4.196966571519055,0.0,0.0,3.949460228427057,9.6273441876982,0.0,0.0,0.0,0.0,Araneidae,Cyclosa,argenteoalba,345692.0,urn:lsid:nmbe.ch:spidersp:015571,Unknown,Female,2016-05-18,Japan,6.0,0.142,0.028,15.9,8.5,1.46,0.33,17.9,5.8,,,,,63.1,10.3,0.6,0.04,,,
40,3590-W1_S13,3590.0,DRR296546,sachalinensis,Plebs,Araneidae,9.450315748949281,15.1555256209582,7.3643550837212155,10.679515286760259,5.356150150179786,0.0,8.32347464624884,5.033523876534186,10.554131414141489,7.352962775284772,7.529296757987461,0.0,0.0,Araneidae,Plebs,sachalinensis,2337611.0,urn:lsid:nmbe.ch:spidersp:015887,Unknown,Female,2016-05-19,Japan,5.0,0.215,0.054,8.11,1.27,2.12,0.34,19.8,2.3,,,,,51.8,10.7,0.41,0.06,,,
44,3630-W1_S17,3630.0,DRR296662,ocula,Argiope,Araneidae,5.522448769741457,10.973188157908904,8.431984173217193,9.861128124600043,9.277616357544431,8.183848730741875,2.6428032153010776,6.249606516465241,10.079452289488469,0.0,0.0,1.9027948430075075,0.0,Araneidae,Argiope,ocula,716557.0,urn:lsid:nmbe.ch:spidersp:015393,Unknown,Female,2016-06-20,Japan,10.0,0.096,0.032,7.2,0.3,1.01,0.13,19.7,2.8,,,,4.0,32.6,1.2,4.46,0.08,,,
45,3631-W1_S18,3631.0,DRR297930,laticauda,Cyclosa,Araneidae,9.889553137408079,13.426514270349946,0.0,9.45359229238946,5.075832091938703,7.515116335420179,7.842463491528911,6.181402749605709,0.0,1.8046401026501324,0.0,0.0,0.0,Araneidae,Cyclosa,laticauda,1112405.0,urn:lsid:nmbe.ch:spidersp:015644,Unknown,Female,2016-06-20,Japan,7.0,0.103,0.03,8.02,2.02,0.94,0.11,21.9,2.1,,,,27.0,36.3,4.2,1.96,0.12,,35.5,6.9
46,3653-W1_S8,3653.0,DRR296802,aetheroides,Argiope,Araneidae,3.9108909276110673,11.067566288042919,4.685362730698467,8.340313015874948,7.954381696422722,9.56301318231267,0.0,6.06244123899999,9.723674594919416,0.0,0.0,3.0098032727297936,0.0,Araneidae,Argiope,aetheroides,716551.0,urn:lsid:nmbe.ch:spidersp:015343,Unknown,Female,2016-06-20,Japan,15.0,0.112,0.038,7.06,1.08,0.89,0.13,24.3,5.2,217.0,278.0,298.0,30.0,39.9,9.8,2.87,0.34,3.0,36.7,7.2
47,3656-W1_S19,3656.0,DRR297961,nautica,Neoscona,Araneidae,6.156314091304372,15.137525480886806,0.0,0.0,5.23977608078967,9.031971316671685,7.8200985267326,3.7085545411413126,0.0,7.874109063197668,3.2793133482933845,2.7967514007785845,9.219872751669534,Araneidae,Neoscona,nautica,258338.0,urn:lsid:nmbe.ch:spidersp:016729,Unknown,Female,2016-06-21,Japan,8.0,0.05,0.014,6.33,0.26,0.7,0.08,13.1,1.5,210.0,273.0,291.0,21.0,34.3,9.5,2.09,0.31,2.4,31.6,11.5
48,3681-W1_S20,3681.0,DRR296576,subpullata,Neoscona,Araneidae,6.891665488499402,10.46004878180183,2.081278263881494,8.665048557728687,5.2021246076374,0.0,10.504815512451337,2.665874801710654,0.0,7.952471433617687,5.658343461884899,5.595090055694564,7.500387792271921,Araneidae,Neoscona,subpullata,1112447.0,urn:lsid:nmbe.ch:spidersp:016761,Unknown,Female,2016-06-21,Japan,5.0,0.083,0.017,6.31,0.54,0.8,0.02,18.6,3.7,,,,20.0,51.7,11.0,1.16,0.11,,,
52,3767-W1_S24,3767.0,DRR296956,confusa,Cyclosa,Araneidae,6.836920508076533,13.69971318726658,2.8427857892933126,10.095498100215899,4.03321682458304,0.0,6.039131154087037,4.429579143208775,8.755602327377668,1.8231203875015294,0.0,0.0,0.0,Araneidae,Cyclosa,confusa,1112402.0,urn:lsid:nmbe.ch:spidersp:015594,Unknown,Female,2016-06-22,Japan,8.0,0.05,0.017,5.29,2.08,0.64,0.16,16.3,0.9,,,,,37.9,6.5,1.17,0.05,,,
53,3793-W1_S12,3793.0,DRR297109,zilloides,Metazygia,Araneidae,8.242238309026286,11.166573231884716,0.0,8.971115280107998,2.2731727052893174,9.471849952786293,0.0,5.142858595007492,8.246963813049572,7.437979723496682,0.0,6.856413078129167,0.0,Araneidae,Metazygia,zilloides,2337760.0,urn:lsid:nmbe.ch:spidersp:016493,Unknown,Female,2016-06-30,United States,,0.31,0.076,19.0,6.28,2.52,0.25,23.6,5.0,,,,6.0,61.6,10.5,0.36,0.03,,,
54,3796-W1_S21,3796.0,DRR297908,cancriformis,Gasteracantha,Araneidae,8.97482594303776,10.420546445795992,4.632291135553177,9.321452377942794,4.0440259665635,10.057463810925187,0.0,4.784802332402222,11.485733729504592,1.3728574005348733,0.0,0.0,0.0,Araneidae,Gasteracantha,cancriformis,472970.0,urn:lsid:nmbe.ch:spidersp:016007,Unknown,Female,2016-06-30,United States,,0.147,0.048,8.62,1.5,1.03,0.18,26.9,4.3,239.0,289.0,308.0,24.0,31.1,4.8,2.56,0.24,5.6,,
55,3798-W1_S22,3798.0,DRR297871,sagittata,Micrathena,Araneidae,9.916718272635809,11.54325779899369,0.0,0.0,5.471060617330019,8.719297772545774,1.8173899517902314,0.0,0.0,0.0,0.0,4.622350580183076,0.0,Araneidae,Micrathena,sagittata,1481434.0,urn:lsid:nmbe.ch:spidersp:016617,Unknown,Female,2016-06-30,United States,,0.141,0.031,15.5,3.5,1.04,0.1,20.8,5.3,253.0,282.0,296.0,21.0,43.2,9.5,0.95,0.03,4.9,43.9,7.3
57,3801-W1_S1,3801.0,DRR297299,sagittata,Micrathena,Araneidae,11.216676443496356,9.891377884370009,3.937600796165416,9.587100537622591,6.681744408504366,8.498797360304955,0.0,0.0,2.736613533623096,2.3929520689848225,0.0,4.231785665727006,0.0,Araneidae,Micrathena,sagittata,1481434.0,urn:lsid:nmbe.ch:spidersp:016617,Unknown,Female,2016-06-30,United States,,0.153,0.038,9.54,1.9,1.1,0.08,24.5,7.9,,,,13.0,32.1,7.9,1.67,0.06,,,
58,3819-W1_S13,3819.0,DRR297616,bicentenarius,Araneus,Araneidae,5.927069415965534,11.15663577801619,0.0,9.385592813601363,5.864525416725312,0.0,8.270928244539748,3.0098380207425794,9.826956769409561,0.0,6.948394099339303,4.288041045747334,10.4284125191799,Araneidae,Araneus,bicentenarius,29013.0,urn:lsid:nmbe.ch:spidersp:014742,Unknown,Female,2016-07-01,United States,22.0,0.112,0.067,7.93,2.7,1.23,0.43,18.4,4.3,243.0,292.0,309.0,23.0,40.8,3.8,5.37,0.13,8.6,55.7,4.5
59,3830-W1_S2,3830.0,DRR297130,clavipes,Trichonephila,Araneidae,13.390313414665272,4.0611782623362815,6.91170356433953,2.7372129951516904,0.0,7.647069817850873,0.0,0.0,8.618549218665773,2.1506668999248992,0.0,0.0,0.0,Araneidae,Trichonephila,clavipes,6915.0,urn:lsid:nmbe.ch:spidersp:013943,Unknown,Male,2016-07-01,United States,6.0,0.131,0.036,10.4,2.86,1.56,0.24,17.1,3.2,,,,12.0,58.9,12.6,0.8,0.04,,,
62,3857-W1_S14,3857.0,DRR297931,-,Neoscona,Araneidae,11.920246852889893,12.789613133647102,0.0,10.954116320037073,9.405801845001452,0.0,9.583825930793287,5.288380711896313,0.0,7.627983220380206,4.129367103005437,4.453807274371678,10.155969274645543,Araneidae,Neoscona,sp. (OTU0133),2337506.0,,Unknown,Female,2016-07-01,United States,10.0,0.13,0.014,6.84,1.52,0.97,0.13,30.8,4.3,248.0,294.0,309.0,22.0,30.6,7.9,2.07,0.41,3.8,,
63,3860-W1_S15,3860.0,DRR296658,-,Neoscona,Araneidae,6.223194118008489,11.945499480023296,4.7783331769665045,0.0,7.961653943562093,0.0,9.789268882061833,4.918545570932775,0.0,0.0,4.795785646185655,5.821192323127896,0.0,Araneidae,Neoscona,sp. (OTU0133),2337506.0,,Unknown,Male,2016-07-01,United States,10.0,0.087,0.028,24.1,9.16,1.68,0.36,8.7,0.5,203.0,273.0,297.0,25.0,28.3,7.3,1.28,0.17,8.1,,
64,3868-W1_S16,3868.0,DRR297713,lemniscata,Mecynogea,Araneidae,4.9012159100123025,9.68018368159249,8.418257425088076,7.989173075646102,5.21131869467159,7.889990610279122,1.2655929195216213,7.130312115782174,0.0,0.0,0.0,0.0,0.0,Araneidae,Mecynogea,lemniscata,329906.0,urn:lsid:nmbe.ch:spidersp:016398,Unknown,Female,2016-07-02,United States,7.0,0.077,0.051,7.63,3.58,1.01,0.33,11.2,2.2,215.0,285.0,316.0,24.0,54.6,7.9,0.69,0.02,4.5,,
65,3875-W1_S1,3875.0,DRR297497,lemniscata,Mecynogea,Araneidae,6.569353007331797,9.490325435548238,0.0,0.0,8.515166415531843,7.800479322130618,0.0,7.571166202447459,0.0,0.0,0.0,0.0,0.0,Araneidae,Mecynogea,lemniscata,329906.0,urn:lsid:nmbe.ch:spidersp:016398,Unknown,Unknown,2016-07-02,United States,6.0,0.152,0.005,7.76,2.11,1.4,0.16,17.6,3.2,,,,9.0,28.4,7.4,0.75,0.03,,,
67,3883-W1_S18,3883.0,DRR297535,cornutus,Larinioides,Araneidae,7.024489233775816,11.228238712717541,8.718950640609473,10.248413866461675,6.701945161518332,9.389349547969747,8.268339880181232,3.618983307567405,10.180717270310197,7.660771778788514,6.119766597768102,4.222915818583526,0.0,Araneidae,Larinioides,cornutus,336591.0,urn:lsid:nmbe.ch:spidersp:016288,Unknown,Female,2016-07-02,United States,14.0,0.139,0.017,15.4,3.09,1.82,0.12,15.3,1.3,224.0,281.0,300.0,24.0,36.5,0.8,2.84,0.02,9.9,34.1,3.4
68,3897-W1_S20,3897.0,DRR296775,anastera,Eustala,Araneidae,9.274072295105507,14.070678535641811,0.0,10.211328624688331,3.29497944833668,9.573461632104324,8.792656981168248,3.861961317482136,8.601975016492933,8.489538921728412,0.0,5.00626794873694,0.0,Araneidae,Eustala,anastera,336652.0,urn:lsid:nmbe.ch:spidersp:015911,Unknown,Female,2016-07-02,United States,7.0,0.025,0.008,4.21,0.52,0.45,0.17,9.9,1.3,,,,,40.9,5.8,1.25,0.08,,,
69,3899-W1_S21,3899.0,DRR297394,-,Neoscona,Araneidae,7.270117827849996,12.403925884895571,0.0,10.424124288351107,7.75779789351909,0.0,10.586502769558646,5.169238876895721,0.0,8.036289023540379,4.297264796949936,6.042453920612574,10.359310316890442,Araneidae,Neoscona,sp. (OTU0133),2337506.0,,Unknown,Female,2016-07-02,United States,11.0,0.046,0.008,4.23,0.31,0.59,0.05,17.0,0.6,227.0,278.0,297.0,20.0,33.4,5.0,2.07,0.02,12.3,,
70,3900-W1_S22,3900.0,DRR297665,anastera,Eustala,Araneidae,11.898427921048158,13.39844917843299,0.0,10.72592005104704,2.8201503635751664,11.033216494147606,6.642679769531666,2.327247591296385,10.813925453508132,6.878042327057688,0.0,5.880839776667681,0.0,Araneidae,Eustala,anastera,336652.0,urn:lsid:nmbe.ch:spidersp:015911,Unknown,Female,2016-07-02,United States,9.0,0.106,0.019,8.17,1.19,0.91,0.07,18.0,3.7,,,,12.0,37.4,9.6,1.19,0.14,,,
75,3959-W1_S4,3959.0,DRR297125,labyrinthea,Metepeira,Araneidae,9.392396940563966,8.86556437441448,10.640531367722902,10.319152747565262,9.299680366429968,8.185024066689756,9.47022772951895,5.574729749159297,0.0,9.937615107496278,4.937296835165647,0.0,0.0,Araneidae,Metepeira,labyrinthea,472973.0,urn:lsid:nmbe.ch:spidersp:016515,Unknown,Unknown,2016-07-04,United States,4.0,0.126,0.042,4.04,1.51,1.26,0.15,20.3,2.5,263.0,292.0,307.0,10.0,61.7,11.3,0.7,0.03,15.6,,
78,4023-W1_S4,4023.0,DRR296634,punctigera,Neoscona,Araneidae,6.3214681625374665,12.195406652027776,6.192395402470589,8.804934446346701,7.639291285324779,10.085963675283729,11.038212554056583,3.0317498269803935,0.0,7.784166957016282,5.399739444724579,5.373138689257513,0.0,Araneidae,Neoscona,punctigera,1112444.0,urn:lsid:nmbe.ch:spidersp:016743,Unknown,Unknown,2016-07-13,Japan,6.0,0.162,0.054,4.25,1.48,1.08,0.15,32.7,6.2,,,,,35.1,1.9,1.85,0.05,,,
80,4039-W1_S9,4039.0,DRR297775,scylloides,Neoscona,Araneidae,4.57812840325503,11.847289020239538,0.0,9.853724368066848,7.505360616447166,9.623076720832634,8.866550102869928,2.9739308186612763,0.0,7.068349435616991,2.793255004718904,4.163462503436902,0.0,Araneidae,Neoscona,scylloides,1112446.0,urn:lsid:nmbe.ch:spidersp:016751,Unknown,Female,2016-07-14,Japan,11.0,0.126,0.035,3.21,0.71,0.77,0.24,35.4,4.8,215.0,283.0,301.0,21.0,37.0,7.3,2.85,0.25,3.1,,
98,4419-W1_S7,4419.0,DRR297465,hamulata,Cyclosa,Araneidae,6.707857431575505,14.37258699015928,0.0,9.424617716631538,4.070298297832482,7.741999471804655,0.0,3.028374658138056,10.408032466130653,0.0,0.0,0.0,0.0,Araneidae,Cyclosa,hamulata,2337382.0,urn:lsid:nmbe.ch:spidersp:015627,Unknown,Female,2016-09-28,Japan,10.0,0.03,0.014,1.68,0.2,0.33,0.06,16.7,4.6,,,,,42.5,4.1,1.18,0.05,,,
99,4426-W1_S4,4426.0,DRR297809,mitificus,Araneus,Araneidae,7.002673832693211,12.330787175624453,3.6792999273137443,9.925788812420116,7.048105810499135,0.0,9.925790147344555,1.740223845586906,10.437782236504429,0.0,0.0,0.0,0.0,Araneidae,Araneus,mitificus,1662246.0,urn:lsid:nmbe.ch:spidersp:015032,Unknown,Female,2016-09-28,Japan,8.0,0.239,0.099,9.01,3.46,1.05,0.29,34.3,10.1,224.0,277.0,298.0,16.0,39.5,9.1,0.68,0.04,4.8,,
100,4440-W1_S18,4440.0,DRR297182,variegatus,Araneus,Araneidae,6.310411526432221,13.158481045326893,8.24310098982781,9.459220527073814,6.701059666347608,8.000861978150366,8.253578062231897,5.133633801163705,9.674947851740207,9.803837998461699,8.268014650647682,0.0,0.0,Araneidae,Araneus,variegatus,1112387.0,urn:lsid:nmbe.ch:spidersp:015276,Unknown,Female,2016-09-29,Japan,11.0,0.154,0.044,4.85,1.52,1.2,0.11,27.3,3.6,216.0,285.0,300.0,12.0,42.1,8.0,1.79,0.04,2.2,,
104,4487-W1_S15,4487.0,DRR296623,macacus,Araneus,Araneidae,6.06266745593414,9.035400890547017,0.0,10.587411874762866,6.786518605850774,9.403148401889,9.363712073939833,3.4617040400270898,0.0,7.422754403027008,6.822945516552043,0.0,0.0,Araneidae,Araneus,macacus,2337292.0,urn:lsid:nmbe.ch:spidersp:014996,Unknown,Female,2016-10-11,Japan,,0.084,0.025,6.41,1.35,1.04,0.15,17.9,3.8,220.0,281.0,303.0,20.0,35.8,3.5,2.44,0.13,2.6,33.3,2.0
112,4682-W1_S8,4682.0,DRR297427,clavata,Trichonephila,Araneidae,12.926933687392415,0.0,0.0,9.551002600622214,3.2107223789809147,8.355936865858116,0.0,0.0,5.899881334112566,0.0,0.0,0.0,0.0,Araneidae,Trichonephila,clavata,70342.0,urn:lsid:nmbe.ch:spidersp:013940,Unknown,Female,2016-11-02,China,,0.092,0.024,9.05,2.08,1.12,0.14,16.9,2.7,239.0,285.0,304.0,15.0,52.6,10.9,2.68,0.03,5.1,,
113,4683-W1_S9,4683.0,DRR297944,clavata,Trichonephila,Araneidae,12.914765458471866,0.0,0.0,8.554842068477607,0.0,10.526831754247416,0.0,0.0,9.135409174323188,0.0,0.0,0.0,0.0,Araneidae,Trichonephila,clavata,70342.0,urn:lsid:nmbe.ch:spidersp:013940,Unknown,Female,2016-11-02,China,,0.246,0.024,15.7,3.08,2.22,0.15,21.5,1.3,,,,15.0,42.6,4.9,2.26,0.06,,46.0,1.2
116,4739-W1_S16,4739.0,DRR296787,mulmeinensis,Cyclosa,Araneidae,4.9739381636484765,14.372548260746441,0.0,0.0,4.091934200158811,7.037030730944967,0.0,7.006940898891364,0.0,0.0,0.0,0.0,0.0,Araneidae,Cyclosa,mulmeinensis,345697.0,urn:lsid:nmbe.ch:spidersp:015662,Unknown,Female,2016-11-07,Japan,4.0,0.088,0.027,3.41,0.03,0.81,0.19,24.5,1.3,235.0,282.0,305.0,15.0,77.9,14.1,0.64,0.05,,31.8,6.8
120,4781-W1_S22,4781.0,DRR297129,unicolor,Cyrtophora,Araneidae,7.1314011924369005,9.723534722268566,6.134629618080059,8.603248005165254,11.296667326252742,7.880397790073907,0.0,4.921843316775687,10.093655242847353,0.0,0.0,3.0540305443775795,0.0,Araneidae,Cyrtophora,unicolor,1485616.0,urn:lsid:nmbe.ch:spidersp:015838,Unknown,Unknown,2016-11-28,Japan,5.0,0.085,0.01,4.42,1.17,0.76,0.06,18.5,4.9,,,,16.0,47.8,14.9,0.64,0.02,,,
126,4910-W1_S25,4910.0,DRR296789,unicolor,Cyrtophora,Araneidae,7.07008755408799,12.151620707454803,0.0,9.040791083457773,7.409223743554265,9.337798047202146,0.0,5.151029531971135,0.0,0.0,0.0,4.093788325682995,10.50003517857179,Araneidae,Cyrtophora,unicolor,1485616.0,urn:lsid:nmbe.ch:spidersp:015838,Unknown,Male,2017-01-24,India,8.0,0.126,0.01,7.13,1.53,1.0,0.11,23.2,2.6,,,,,46.1,3.7,2.08,0.11,,,
127,4911-W1_S27,4911.0,DRR296893,pilipes,Nephila,Araneidae,13.901888754211532,7.39556840843405,0.0,10.010223030696917,4.584902387175411,8.957041081328995,0.0,0.0,8.497464671813317,0.0,0.0,0.0,9.337514866550707,Araneidae,Nephila,pilipes,299642.0,urn:lsid:nmbe.ch:spidersp:013960,Unknown,Female,2017-01-24,India,24.0,0.089,0.026,5.59,1.75,0.98,0.18,19.5,2.9,217.0,276.0,299.0,19.0,34.7,1.4,1.95,0.05,7.3,35.6,9.9
128,4912-W1_S1,4912.0,DRR296879,pilipes,Nephila,Araneidae,15.943001706648392,7.166072675946706,0.0,10.88614652003593,8.453295330433322,9.049788662753095,0.0,0.0,8.868405887487478,0.0,0.0,0.0,0.0,Araneidae,Nephila,pilipes,299642.0,urn:lsid:nmbe.ch:spidersp:013960,Unknown,Female,2017-01-24,India,11.0,0.135,0.079,9.38,4.24,1.17,0.35,19.7,6.6,222.0,280.0,301.0,20.0,55.7,17.6,0.98,0.2,8.4,,
130,4916-W1_S2,4916.0,DRR297531,-,Argiope,Araneidae,5.031180346470575,11.876297989467016,7.623427948046043,0.0,9.333894111766062,8.73018819394839,0.0,6.154383919067167,8.857131918281622,0.0,0.0,3.6668497392661825,0.0,Araneidae,Argiope,sp. (OTU0362),2337308.0,,Unknown,Female,2017-01-24,India,13.0,0.212,0.055,7.16,2.53,1.52,0.27,31.4,3.6,241.0,287.0,305.0,15.0,33.8,2.1,2.05,0.03,7.6,45.2,14.3
131,4954-W1_S11,4954.0,DRR297092,bifida,Cyclosa,Araneidae,10.075267342564944,11.636269340333971,0.0,8.995693671884073,5.641084998181685,8.747135604300272,0.0,4.3655315756286885,9.464198563258163,0.0,0.0,0.0,8.277292050227748,Araneidae,Cyclosa,bifida,2293436.0,urn:lsid:nmbe.ch:spidersp:015579,Unknown,Female,2017-01-24,India,7.0,0.099,0.032,2.49,1.28,1.06,0.44,25.8,3.1,,,,,60.3,12.9,0.75,0.06,,,
132,4959-W1_S4,4959.0,DRR297582,unicolor,Cyrtophora,Araneidae,6.061416342839746,12.08777895970735,5.27983898001482,8.77414462084455,7.505130568169782,0.0,0.0,6.780088138982769,0.0,0.0,0.0,7.149350831937387,0.0,Araneidae,Cyrtophora,unicolor,1485616.0,urn:lsid:nmbe.ch:spidersp:015838,Unknown,Unknown,2017-01-24,India,7.0,0.089,0.04,6.07,1.1,1.06,0.09,16.5,5.1,,,,24.0,45.4,3.4,1.69,0.04,,,
135,4992-W1_S8,4992.0,DRR296734,-,Argiope,Araneidae,6.331406594436015,11.89940209896469,0.0,11.013127229799819,11.23790305283713,8.731084786226274,0.0,5.721009041381705,0.0,0.0,0.0,2.195313578038045,0.0,Araneidae,Argiope,sp. (OTU0362),2337308.0,,Unknown,Female,2017-01-25,India,10.0,0.16,0.049,5.85,0.31,1.32,0.16,24.8,5.8,,,,16.0,37.6,1.8,2.78,0.09,,,
136,5018-W1_S10,5018.0,DRR296908,-,-,Araneidae,8.665260049330449,10.949696993660684,11.661646379045262,0.0,9.140958572516677,9.036632454002245,10.013568771043388,5.353989078203112,0.0,0.0,7.229608215303369,7.609024078855198,8.36736232837013,Araneidae,Gen.,sp. (OTU0124),2337812.0,,Unknown,Unknown,2017-01-25,India,,0.015,0.008,1.01,0.3,0.17,0.05,15.3,2.7,206.0,284.0,306.0,24.0,36.9,25.1,1.58,0.52,10.1,,
137,5019-W1_S14,5019.0,DRR297560,diadesmia,Gasteracantha,Araneidae,8.300028930165766,14.466014835736235,0.0,9.0988190321923,3.8699010097393916,7.3013864453851065,0.0,5.5813919240870815,10.165459770055666,0.0,0.0,0.0,0.0,Araneidae,Gasteracantha,diadesmia,2337415.0,urn:lsid:nmbe.ch:spidersp:016017,Unknown,Female,2017-01-25,India,,0.109,0.026,5.85,2.79,0.89,0.2,26.5,4.0,225.0,276.0,296.0,18.0,34.6,2.8,2.42,0.08,0.2,5.4,3.2
139,5024-W1_S12,5024.0,DRR296519,-,Neoscona,Araneidae,11.709319558442713,12.417166354465794,8.205738521231408,8.759289015895071,8.355496459899292,8.401370210577392,9.925620097693105,2.242474463920234,10.739113947531056,8.170703746362062,5.340792967852195,6.396822239296932,9.520390816919544,Araneidae,Neoscona,sp. (OTU1084),2337508.0,,Unknown,Female,2017-01-25,India,,0.126,0.035,9.24,2.54,1.36,0.35,20.4,3.8,,,,14.0,46.2,46.7,1.08,0.49,,,
140,5027-W1_S13,5027.0,DRR297749,unicolor,Cyrtophora,Araneidae,7.508545914278781,12.342531689852304,4.6050023682506085,8.8649599151426,8.243805678925067,8.549318772582591,0.0,6.082496098191756,8.767999012595409,0.0,0.0,4.713189903192986,0.0,Araneidae,Cyrtophora,unicolor,1485616.0,urn:lsid:nmbe.ch:spidersp:015838,Unknown,Unknown,2017-01-25,India,8.0,0.043,0.019,5.08,1.52,0.67,0.12,12.2,2.5,209.0,280.0,307.0,23.0,70.2,14.9,0.72,0.05,7.6,6.1,2.5
141,5040-W1_S15,5040.0,DRR297430,-,Gasteracantha,Araneidae,6.119945627464569,9.067727979148776,0.0,8.60146624920591,0.0,0.0,0.0,5.114591907921185,8.142750381368915,0.0,0.0,0.0,0.0,Araneidae,Gasteracantha,sp. (OTU0225),2337416.0,,Unknown,Female,2017-01-25,India,,0.063,0.012,4.11,1.22,0.72,0.13,19.0,2.1,229.0,288.0,312.0,22.0,38.7,4.1,2.33,0.1,5.2,41.1,11.8
144,5058-W1_S12,5058.0,DRR297450,hiramatsui,Zygiella,Araneidae,2.5017805107480764,10.647434141483629,0.0,8.443051279382908,4.681050023219669,7.435028457445346,0.0,0.0,8.522471682175151,0.0,0.0,0.0,0.0,Araneidae,Zygiella,hiramatsui,2337719.0,urn:lsid:nmbe.ch:spidersp:049604,Unknown,Female,2017-03-20,Japan,5.0,0.111,0.014,2.34,0.78,0.92,0.07,29.8,4.6,191.0,219.0,246.0,17.0,62.1,31.7,0.57,0.1,9.4,,
148,5104-W1_S17,5104.0,DRR297722,alba,Cyclosa,Araneidae,8.588179240180777,13.745766348541979,0.0,10.724786677447709,5.114578582500057,8.505855211155733,3.1667845255917415,7.65667297833724,0.0,0.0,0.0,0.0,0.0,Araneidae,Cyclosa,alba,345691.0,urn:lsid:nmbe.ch:spidersp:015564,Unknown,Female,2017-03-22,Japan,3.0,0.153,0.067,2.38,0.7,1.25,0.24,29.2,6.0,,,,5.0,60.2,10.3,0.6,0.04,,,
150,5118-W1_S27,5118.0,DRR297449,fusiformis,Larinia,Araneidae,9.452786416409655,13.150838100613528,0.0,0.0,4.3480595801403075,8.28442945904081,9.864927115697515,3.9270117972192358,0.0,0.0,7.614795225580854,3.434124180365683,0.0,Araneidae,Larinia,fusiformis,2337460.0,urn:lsid:nmbe.ch:spidersp:016301,Unknown,Female,2017-04-09,Japan,7.0,0.034,0.015,2.57,0.42,0.54,0.19,14.4,3.7,,,,14.0,37.6,11.2,0.79,0.07,,,
158,5209-W1_S8,5209.0,DRR297461,spinipes,Gea,Araneidae,7.164252186670215,9.763479514590635,7.741023660354284,10.102356313689075,5.969960204140168,9.424861219031808,0.0,8.627081489441116,10.793830871394105,0.0,0.0,6.71579729747354,0.0,Araneidae,Gea,spinipes,1538127.0,urn:lsid:nmbe.ch:spidersp:016112,Unknown,Female,2017-04-15,Malaysia,5.0,0.141,0.025,4.66,0.82,1.54,0.17,21.9,3.8,201.0,273.0,306.0,,48.2,6.4,0.51,0.03,15.1,,
161,5214-W1_S24,5214.0,DRR297685,dehaani,Parawixia,Araneidae,9.585773375488605,14.223710753639546,7.472599056146133,9.74307900503066,4.864018212608308,8.299524002694456,8.045835984346462,5.2077581782050135,8.16199346270224,0.0,8.662057668543243,0.0,0.0,Araneidae,Parawixia,dehaani,2337571.0,urn:lsid:nmbe.ch:spidersp:016893,Unknown,Female,2017-04-15,Malaysia,18.0,0.099,0.029,5.98,0.42,1.12,0.24,26.9,1.2,233.0,285.0,304.0,20.0,37.6,9.2,2.66,0.19,6.1,43.9,5.6
163,5219-W1_S2,5219.0,DRR297005,kuhli,Gasteracantha,Araneidae,7.741381770495135,9.267940165106312,0.0,10.386595422630574,3.7705996762807317,7.875915186555224,0.0,7.320204848915098,10.201719616648123,0.0,0.0,0.0,0.0,Araneidae,Gasteracantha,kuhli,216277.0,urn:lsid:nmbe.ch:spidersp:016031,Unknown,Female,2017-04-15,Malaysia,5.0,0.102,0.015,3.23,0.09,0.64,0.05,30.9,1.2,230.0,283.0,302.0,17.0,29.0,2.5,2.0,0.03,6.1,,
166,5229-W1_S4,5229.0,DRR297425,-,-,Araneidae,10.141695600737947,13.698180638721194,10.840903906119163,9.00733568184495,10.409336834059248,7.896919656540145,10.34146767476871,3.6648719059614945,9.258248017077781,0.0,0.0,4.866057338289673,0.0,Araneidae,Gen.,sp. (OTU0160),2337813.0,,Unknown,Female,2017-04-16,Malaysia,4.0,0.036,0.015,3.07,0.89,0.71,0.14,13.2,2.5,,,,12.0,60.4,8.8,0.45,0.03,,,
171,5249-W1_S7,5249.0,DRR296714,spinipes,Gea,Araneidae,7.763510769623411,10.106176180908715,0.0,10.859558080517107,3.0556034807787564,10.724547958982551,0.0,7.178070223604999,10.780490555886509,0.0,0.0,5.891122645598396,0.0,Araneidae,Gea,spinipes,1538127.0,urn:lsid:nmbe.ch:spidersp:016112,Unknown,Female,2017-04-15,Malaysia,6.0,0.128,0.035,13.0,1.59,2.17,0.12,13.7,2.7,258.0,282.0,294.0,15.0,48.7,9.7,0.48,0.03,11.5,40.3,8.5
173,5281-W1_S8,5281.0,DRR296535,perpolita,Singa,Araneidae,9.470547480282603,11.505727410792241,11.839601698915075,0.0,4.842076236749332,0.0,7.394569874510139,4.1644162263846685,0.0,5.5804681247008965,0.0,3.709378871253852,0.0,Araneidae,Singa,perpolita,2337647.0,urn:lsid:nmbe.ch:spidersp:017059,Unknown,Female,2017-04-17,Malaysia,5.0,0.155,0.044,3.41,0.74,1.63,0.16,24.4,3.0,241.0,288.0,307.0,,77.0,19.7,0.38,0.02,7.7,,
174,5286-W1_S8,5286.0,DRR297350,poonaensis,Eriovixia,Araneidae,5.709855663344161,11.735276769819023,7.814666093333794,8.109438919188126,5.916371543619761,0.0,7.198960636047049,3.2111991396932615,10.125917098830794,0.0,0.0,4.1617022962432255,0.0,Araneidae,Eriovixia,poonaensis,1750731.0,urn:lsid:nmbe.ch:spidersp:015900,Unknown,Female,2017-04-17,Malaysia,,0.241,0.059,12.8,2.34,1.56,0.13,27.6,6.2,216.0,279.0,278.0,8.0,65.4,8.7,0.47,0.03,7.5,,
176,53-W30_S19,53.0,DRR297226,amabilis,Araneus,Araneidae,8.578003601062068,11.066761286705066,4.543920834338987,8.544504705707363,0.0,8.913472881128678,0.0,1.9900435878636453,8.794269639847872,7.658743896093874,0.0,0.0,0.0,Araneidae,Araneus,amabilis,2337290.0,urn:lsid:nmbe.ch:spidersp:037655,Unknown,Unknown,2014-12-08,Japan,,0.128,0.032,6.17,0.79,0.92,0.15,25.7,3.7,,,,,41.0,7.8,1.72,0.13,,,
184,5457-W1_S20,5457.0,DRR297608,pentagrammicus,Araneus,Araneidae,8.404823733085118,12.856732691142724,5.020119897456082,10.090046239474782,5.465664676134466,8.21554270666029,8.958360439943002,3.737197849371747,10.284292026394313,0.0,0.0,0.0,9.954564208883008,Araneidae,Araneus,pentagrammicus,2337294.0,urn:lsid:nmbe.ch:spidersp:015102,Unknown,Female,2017-05-23,Japan,8.0,0.05,0.013,2.19,0.37,0.36,0.09,34.5,3.8,285.0,302.0,316.0,14.0,39.0,5.9,1.09,0.04,19.0,,
186,5478-W1_S3,5478.0,DRR296822,coccineus,Acusilas,Araneidae,8.382274452178303,14.834876647245961,0.0,8.84006662705775,5.137303499890019,8.624404349351007,0.0,5.006001733761576,9.161662419998445,0.0,0.0,0.0,0.0,Araneidae,Acusilas,coccineus,1662254.0,urn:lsid:nmbe.ch:spidersp:014455,Unknown,Female,2017-05-24,Japan,11.0,0.156,0.026,13.1,1.86,2.06,0.25,16.6,1.6,216.0,278.0,300.0,,43.5,4.1,0.57,0.03,7.0,,
191,5517-W1_S20,5517.0,DRR296489,seminiger,Araneus,Araneidae,7.1162108632312435,12.78018807281796,0.0,9.562521013030121,7.9466551915142984,10.198928723636229,7.318435253173635,3.728023889367569,9.424405668134574,7.09348094913921,5.292533672681481,3.7802995990412582,10.779235092948031,Araneidae,Araneus,seminiger,2175613.0,urn:lsid:nmbe.ch:spidersp:015191,Unknown,Female,2017-05-25,Japan,14.0,0.175,0.059,6.85,1.22,0.98,0.1,32.9,6.4,229.0,284.0,303.0,19.0,33.4,0.5,7.95,0.07,10.4,45.8,3.3
192,5532-W1_S4,5532.0,DRR165465,-,Neoscona,Araneidae,7.993541768994826,13.210094759298423,0.0,0.0,6.973775187954794,0.0,9.995291689686123,4.79879189645909,0.0,0.0,5.649204433604121,6.141079799208365,9.263792654615948,Araneidae,Neoscona,sp. (OTU0257),2507266.0,,Unknown,Female,2017-06-10,China,,0.06,0.014,2.9,0.78,0.82,0.14,19.1,2.8,,,,13.0,30.9,5.1,0.8,0.04,,,
193,5556-W1_S6,5556.0,DRR165467,scylloides,Neoscona,Araneidae,11.380995645267326,12.892246620153536,9.696377291094976,10.215957616196519,8.460393231402566,8.026125021093973,8.637526928934344,2.941469381079436,0.0,7.674925260587093,3.7099499555064703,3.9749238888436347,8.313848965269033,Araneidae,Neoscona,scylloides,1112446.0,urn:lsid:nmbe.ch:spidersp:016751,Unknown,Female,2017-06-10,China,7.0,0.149,0.046,4.92,1.46,1.0,0.09,28.4,5.2,223.0,293.0,311.0,10.0,54.2,8.9,0.45,0.03,2.5,,
194,5564-W1_S7,5564.0,DRR165468,-,Araneus,Araneidae,9.739629869795575,12.192745832812788,9.446595355720236,0.0,9.894528861979373,8.859967374737707,8.18210628226266,4.853242176072679,10.348064184729036,9.08883063133677,10.456381543680967,6.757465897630436,10.17061362376559,Araneidae,Araneus,sp. (OTU0080),2507252.0,,Unknown,Unknown,2017-06-10,China,,0.267,0.136,4.61,1.13,1.97,0.19,31.3,11.9,263.0,297.0,311.0,12.0,70.2,10.7,0.35,0.03,2.1,,
196,5570-W1_S9,5570.0,DRR165470,-,Neoscona,Araneidae,8.787061079208687,13.176755954362472,7.531538978618594,0.0,7.257486847778655,0.0,10.487974853202054,5.153480693171138,0.0,0.0,0.0,5.829202636982075,9.747910993259726,Araneidae,Neoscona,sp. (OTU0257),2507266.0,,Unknown,Male,2017-06-10,China,6.0,0.103,0.024,5.42,0.85,1.2,0.17,23.4,4.7,,,,7.0,39.3,11.7,0.69,0.09,,,
197,5580-W1_S10,5580.0,DRR165471,-,Araneus,Araneidae,8.387781874294147,12.377734456251114,8.97490714448154,9.284382261426115,8.204957734719352,8.218025530796929,7.642581727295592,2.874242203488244,10.708454543088038,8.231091548377853,9.785262820991948,5.252370241037666,9.59021088972183,Araneidae,Araneus,sp. (OTU0080),2507252.0,,Unknown,Unknown,2017-06-11,China,,0.074,0.04,4.29,0.66,0.74,0.15,20.3,6.8,,,,9.0,60.8,7.8,0.96,0.04,,,
198,5595-W1_S11,5595.0,DRR165472,-,Araneus,Araneidae,10.699362835204074,10.919317301768956,2.95150760141903,9.887075881673395,10.154243447643891,7.37918772810445,7.663704678856726,3.3161500877538024,9.534106359024033,7.7115231270308895,8.503197651387202,4.521835962545389,0.0,Araneidae,Araneus,sp. (OTU0080),2507252.0,,Unknown,Unknown,2017-06-11,China,8.0,0.194,0.068,6.57,1.02,1.66,0.18,27.4,7.2,,,,,44.7,5.9,0.58,0.03,,,
199,5602-W1_S12,5602.0,DRR165473,-,Araneus,Araneidae,9.189245126366307,13.364217771769983,5.66141043085683,8.571635099828857,8.265107025261564,7.054056166075188,0.0,4.703823859746697,0.0,11.97642837123893,10.245850959159977,5.973299009828202,0.0,Araneidae,Araneus,sp. (OTU0080),2507252.0,,Unknown,Unknown,2017-06-11,China,,0.157,0.084,5.86,1.94,1.79,0.41,20.3,5.4,,,,,53.4,7.1,0.43,0.02,,,
203,5654-W1_S1,5654.0,DRR297177,sakiedaorum,Eriovixia,Araneidae,9.146572112240099,9.865923530143652,9.092860688886253,11.223138935557603,3.644336238808603,0.0,12.200638660559324,4.897701723755033,9.338587092119775,0.0,0.0,6.840576530078458,0.0,Araneidae,Eriovixia,sakiedaorum,2337407.0,urn:lsid:nmbe.ch:spidersp:015903,Unknown,Male,2017-06-27,Japan,3.0,0.118,0.032,6.53,1.26,1.16,0.14,18.9,3.8,,,,,43.7,6.8,0.54,0.02,,,
209,5803-W1_S1,5803.0,DRR297218,nagasakiensis,Cyrtarachne,Araneidae,11.793639140502545,14.570632917789426,0.0,10.535970667777244,6.251539217838094,8.757366672689654,4.7535082678296625,6.201520166047947,7.850768175060415,0.0,0.0,0.0,8.609921137881912,Araneidae,Cyrtarachne,nagasakiensis,386110.0,urn:lsid:nmbe.ch:spidersp:015776,Unknown,Female,2017-07-11,Japan,5.0,0.157,0.034,9.52,1.63,1.53,0.07,19.2,4.0,205.0,275.0,295.0,,69.4,11.4,0.33,0.03,5.8,,
212,5816-W1_S6,5816.0,DRR296473,argiopiformis,Larinia,Araneidae,8.18056183645347,11.717163241254692,0.0,10.120756272978472,3.9912451849018495,9.337708862442094,9.382262086259475,5.006080301469178,0.0,0.0,6.416371938400874,4.809782274286034,9.52290318402459,Araneidae,Larinia,argiopiformis,1112526.0,urn:lsid:nmbe.ch:spidersp:016286,Unknown,Female,2017-07-11,Japan,12.0,0.286,0.117,9.92,1.15,2.45,0.52,27.2,5.5,212.0,276.0,297.0,8.0,43.1,3.7,0.56,0.03,7.1,,
218,5926-W1_S3,5926.0,DRR297573,x-notata,Zygiella,Araneidae,3.7391352179700448,8.002242942516657,0.0,10.928111195036076,6.459539816707987,8.247732926319236,0.0,0.0,11.362256177664346,0.0,0.0,0.0,0.0,Araneidae,Zygiella,x-notata,389061.0,urn:lsid:nmbe.ch:spidersp:017187,Unknown,Unknown,2017-07-22,United Kingdom,6.0,0.079,0.028,5.87,1.45,0.75,0.12,14.7,4.8,,,,,67.3,11.9,0.57,0.03,,,
223,5996-W1_S18,5996.0,DRR296736,umbratica,Nuctenea,Araneidae,7.836240513092706,11.327172609489205,12.222988252697679,9.236117066982954,7.596909060371288,8.747206111428843,9.651892838587916,2.605304680238342,8.990140846445103,8.04166462675032,7.625753912884023,6.136667174021935,0.0,Araneidae,Nuctenea,umbratica,1872065.0,urn:lsid:nmbe.ch:spidersp:016784,Unknown,Female,2017-07-23,United Kingdom,,0.216,0.069,28.6,1.7,2.21,0.36,15.5,4.8,222.0,277.0,299.0,34.0,38.3,6.3,0.43,0.04,6.6,,
224,6019-W1_S22,6019.0,DRR297274,cornutus,Larinioides,Araneidae,6.377818547020487,13.32424871713152,7.155700565991239,10.701793776619866,4.179455315942826,7.575161033425394,9.408384453859709,3.899471487999185,9.051358505691935,9.07392758542713,0.0,6.359524684392141,0.0,Araneidae,Larinioides,cornutus,336591.0,urn:lsid:nmbe.ch:spidersp:016288,Unknown,Female,2017-07-24,United Kingdom,,0.102,0.038,10.7,1.46,1.25,0.2,15.2,3.6,230.0,283.0,298.0,24.0,44.0,7.3,1.74,0.19,6.6,47.3,3.5
226,6054-W1_S3,6054.0,DRR296675,diadematus,Araneus,Araneidae,6.2968938208493315,11.296330689910102,7.084255285891068,9.564831607205385,7.260748855213045,8.886208698358665,6.471496390403289,6.1357203659597666,9.753977181693909,7.876917162183043,6.468172735608889,6.576138738843046,0.0,Araneidae,Araneus,diadematus,45920.0,urn:lsid:nmbe.ch:spidersp:014834,Unknown,Female,2017-07-25,United Kingdom,11.0,0.082,0.02,6.0,1.22,1.08,0.11,17.8,1.3,240.0,283.0,299.0,13.0,37.6,4.8,1.39,0.04,10.6,38.9,5.1
230,6129-W1_S14,6129.0,DRR296917,dispar,Zygiella,Araneidae,2.8371661968765722,8.43885005812044,0.0,10.164628942326889,6.051487390897812,11.066093712330664,0.0,0.0,8.031410084578614,0.0,0.0,0.0,0.0,Araneidae,Zygiella,dispar,2175612.0,urn:lsid:nmbe.ch:spidersp:017170,Unknown,Female,2017-08-07,Japan,5.0,0.102,0.04,10.4,1.82,1.63,0.18,13.2,2.3,,,,,60.0,12.2,0.36,0.03,,,
233,6323-W1_S17,6323.0,DRR296776,omonaga,Cyclosa,Araneidae,7.554427460327789,12.26950399276431,0.0,10.50391515847082,6.135473306017037,9.148824058236523,0.0,4.78409142623606,8.324171543813485,0.0,0.0,0.0,0.0,Araneidae,Cyclosa,omonaga,1933405.0,urn:lsid:nmbe.ch:spidersp:015675,Unknown,Female,2017-09-12,Japan,7.0,0.153,0.073,5.35,0.98,1.33,0.47,27.1,5.8,,,,,41.6,4.6,0.62,0.05,,,
234,6327-W1_S18,6327.0,DRR296520,japonica,Cyclosa,Araneidae,8.341548221679336,13.400835447818437,0.0,9.499634648312124,4.86883489863698,8.681902496093455,0.0,5.077035724832934,8.442665708854756,0.0,0.0,0.0,0.0,Araneidae,Cyclosa,japonica,1112403.0,urn:lsid:nmbe.ch:spidersp:015637,Unknown,Female,2017-09-12,Japan,7.0,0.143,0.062,17.3,4.1,2.42,0.59,12.3,2.8,212.0,276.0,297.0,25.0,50.4,10.6,0.54,0.04,6.5,,
237,65-W8_S10,65.0,DRR297546,aemula,Argiope,Araneidae,3.9928200841264734,9.79618877156628,0.0,10.476543706214256,7.922099111765421,9.371860503313524,0.0,2.7980463661057886,0.0,0.0,0.0,0.0,8.952680102407712,Araneidae,Argiope,aemula,332528.0,urn:lsid:nmbe.ch:spidersp:015339,Unknown,Female,2014-12-08,Japan,,0.245,0.094,6.5,1.4,1.74,0.8,32.7,7.4,,,,,37.2,17.1,1.89,0.18,,,
240,6677-W1_S2,6677.0,DRR297741,brouni,Backobourkia,Araneidae,7.37793122058808,10.918169860928046,5.7500356377385184,9.074208376555115,7.626709397669174,9.218480897908854,11.512546411714188,5.738254426997583,8.624193546489554,0.0,8.220879403660595,0.0,0.0,Araneidae,Backobourkia,brouni,2337322.0,urn:lsid:nmbe.ch:spidersp:043116,Unknown,Unknown,2017-10-29,Australia,8.0,0.212,0.104,5.77,1.65,1.6,0.5,25.6,5.3,,,,,80.0,13.5,0.64,0.05,,,
241,6700-W1_S10,6700.0,DRR297964,-,Eriophora,Araneidae,8.66912398394427,14.475409370738397,8.058264536850592,10.125875678806189,8.104444648207089,8.640783586433246,5.317919051024281,3.8293624919667053,0.0,0.0,7.223591292136065,0.0,0.0,Araneidae,Eriophora,sp. (OTU0926),2337405.0,,Unknown,Female,2017-10-30,Australia,15.0,0.154,0.032,5.76,0.17,1.04,0.29,24.0,8.8,217.0,276.0,298.0,16.0,50.8,8.2,0.42,0.02,5.4,45.7,5.6
243,6713-W1_S13,6713.0,DRR297419,transmarina,Eriophora,Araneidae,9.047478853244405,12.243927181339963,1.6366872567977526,10.731762888490312,5.263938812309532,9.435568174932015,6.325103935987688,0.0,10.496253301606998,0.0,8.004132918623004,0.0,0.0,Araneidae,Eriophora,transmarina,2115798.0,urn:lsid:nmbe.ch:spidersp:015889,Unknown,Male,2017-10-30,Australia,12.0,0.273,0.072,13.7,1.31,1.93,0.36,25.6,3.0,223.0,285.0,302.0,19.0,78.7,2.9,1.43,0.03,3.4,39.9,7.1
245,6727-W1_S17,6727.0,DRR296458,keyserlingi,Argiope,Araneidae,7.2480732942083925,10.562421643139452,4.116556060808434,10.613846848897293,8.622442173102176,7.666564882464338,0.0,5.426780342160815,0.0,0.0,0.0,0.0,0.0,Araneidae,Argiope,keyserlingi,332532.0,urn:lsid:nmbe.ch:spidersp:015377,Unknown,Female,2017-10-30,Australia,10.0,0.368,0.122,31.7,9.7,2.45,0.43,22.4,6.9,216.0,274.0,297.0,20.0,42.7,6.6,0.43,0.03,7.4,,
246,6748-W1_S21,6748.0,DRR297943,australasia,Poecilopachys,Araneidae,10.45566469953977,13.563877163933872,4.937250218382068,9.36235001716884,5.246703361044281,8.549811615969123,4.016540890853793,4.943528492554401,7.670486302024519,0.0,0.0,0.0,9.33315758704538,Araneidae,Poecilopachys,australasia,386120.0,urn:lsid:nmbe.ch:spidersp:016935,Unknown,Female,2017-10-30,Australia,7.0,0.123,0.003,7.89,1.14,0.95,0.05,23.7,0.8,208.0,268.0,292.0,19.0,51.2,4.2,1.49,0.03,9.4,43.0,6.7
247,6755-W1_S22,6755.0,DRR297580,plumipes,Trichonephila,Araneidae,14.972568886050336,5.305441630368002,4.643711913570922,9.152824877115618,0.0,9.65202213339526,0.0,0.0,7.966907637387431,0.0,0.0,0.0,10.36728369048326,Araneidae,Trichonephila,plumipes,941800.0,urn:lsid:nmbe.ch:spidersp:013971,Unknown,Female,2017-10-31,Australia,16.0,0.135,0.069,7.81,1.38,0.81,0.22,28.2,7.6,233.0,285.0,304.0,19.0,31.9,2.7,1.25,0.04,8.2,8.9,1.1
248,6762-W1_S23,6762.0,DRR296859,plumipes,Trichonephila,Araneidae,13.937890661752025,6.157562590782714,5.1382205944705746,10.043401624643803,0.0,9.336479780999483,2.686603613165248,0.0,9.801821507031566,1.2004465992908906,0.0,0.0,0.0,Araneidae,Trichonephila,plumipes,941800.0,urn:lsid:nmbe.ch:spidersp:013971,Unknown,Female,2017-10-31,Australia,10.0,0.136,0.019,12.1,3.35,1.44,0.06,18.1,4.1,208.0,268.0,297.0,21.0,48.8,0.0,0.46,0.03,9.0,40.3,5.4
249,6767-W1_S24,6767.0,DRR297150,-,Arkys,Araneidae,0.0,4.216010890671061,6.972174615109458,8.689984243045386,8.402172160480177,0.0,0.0,0.0,5.953987337164624,0.0,0.0,0.0,0.0,Arkyidae,Arkys,sp. (OTU0789),2337315.0,,Unknown,Unknown,2017-10-31,Australia,,0.226,0.074,9.59,1.49,1.51,0.13,25.4,5.8,,,,,45.1,8.0,0.55,0.04,,,
252,6784-W1_S5,6784.0,DRR297018,eburnus,Plebs,Araneidae,8.982086016589305,13.03829029087207,0.0,9.596927690430793,0.0,9.608164246351862,0.0,3.586439304774479,7.7114673740392625,6.77196742748612,7.145188323120806,0.0,0.0,Araneidae,Plebs,eburnus,2115801.0,urn:lsid:nmbe.ch:spidersp:014852,Unknown,Female,2017-10-31,Australia,6.0,0.112,0.066,7.93,1.01,1.17,0.32,17.4,7.6,203.0,271.0,298.0,26.0,66.8,8.3,0.37,0.02,13.0,,
253,6786-W1_S9,6786.0,DRR297789,-,Cyclosa,Araneidae,9.680862893178954,10.288220234221955,0.0,9.674202863174399,7.36717944498832,7.883248120802965,7.331167759784824,6.703103468902486,11.621369673564987,0.0,0.0,0.0,0.0,Araneidae,Cyclosa,sp. (OTU0457),2337387.0,,Unknown,Female,2017-10-31,Australia,7.0,0.054,0.018,8.38,1.49,1.0,0.17,10.8,3.1,194.0,237.0,273.0,17.0,59.7,12.1,0.37,0.04,12.2,,
257,6796-W1_S7,6796.0,DRR297688,keyserlingi,Argiope,Araneidae,7.358702095375434,10.168286249018095,7.0827134452630665,9.21634815298517,7.72563960268359,8.582138217283244,0.0,5.545959105194722,0.0,0.0,0.0,0.0,0.0,Araneidae,Argiope,keyserlingi,332532.0,urn:lsid:nmbe.ch:spidersp:015377,Unknown,Female,2017-10-31,Australia,9.0,0.202,0.046,11.6,1.08,1.59,0.05,19.9,4.6,214.0,277.0,299.0,22.0,42.3,3.9,0.66,0.03,9.8,33.4,5.4
258,6816-W1_S16,6816.0,DRR297225,pustulosa,Eriophora,Araneidae,8.029693924044942,11.488202515644007,5.490563712749361,10.177581489482039,6.344952916979612,9.334067650290619,8.250783735633531,5.404167421637106,7.994528812654928,0.0,6.93912076994212,0.0,0.0,Araneidae,Eriophora,pustulosa,693724.0,urn:lsid:nmbe.ch:spidersp:015885,Unknown,Female,2017-11-04,Australia,6.0,0.141,0.04,7.61,0.39,1.27,0.21,23.5,0.2,216.0,279.0,297.0,27.0,35.0,4.1,0.82,0.05,6.9,,
259,6821-W1_S17,6821.0,DRR297668,-,-,Araneidae,9.651433865021009,10.393388730499447,7.52408765988127,8.140962661272605,4.224748787096111,9.02410355133316,9.182384271885885,4.609364927996467,9.875684854830213,8.014784868241309,0.0,6.224740106445853,9.496891716274352,Araneidae,Gen.,sp. (OTU0726),2337815.0,,Unknown,Female,2017-11-04,Australia,7.0,0.125,0.068,14.5,5.81,2.27,0.75,13.0,2.7,,,,,44.1,6.6,0.55,0.03,,,
261,6838-W1_S23,6838.0,DRR297178,-,Cryptaranea,Araneidae,8.8765187309014,8.882758552038116,7.4165834820617675,10.17725756831433,5.794494107689222,8.007234753300601,6.781509221445439,4.156331891276723,0.0,7.333505133492718,0.0,0.0,0.0,Araneidae,Cryptaranea,sp. (OTU0455),2337743.0,,Unknown,Female,2017-11-05,Australia,,0.106,0.023,8.73,2.12,1.09,0.13,18.7,3.8,197.0,268.0,293.0,27.0,32.9,7.1,2.13,0.07,18.4,,
262,6843-W1_S24,6843.0,DRR296877,pustulosa,Eriophora,Araneidae,8.353950848749188,11.168818962223463,0.0,0.0,4.602567931022459,9.768811231463031,8.197103632509867,5.038616156118366,7.688977593829546,1.6144554362738315,6.114600236246889,0.0,0.0,Araneidae,Eriophora,pustulosa,693724.0,urn:lsid:nmbe.ch:spidersp:015885,Unknown,Female,2017-11-05,Australia,,0.165,0.052,15.3,2.12,1.41,0.19,18.1,3.7,212.0,279.0,300.0,21.0,58.4,9.5,0.57,0.03,10.0,4.2,1.5
265,6849-W1_S4,6849.0,DRR297520,-,Plebs,Araneidae,8.184468004170368,11.141558084647155,0.0,9.415543199231813,8.244235663872715,8.001779728490758,8.472227802989044,6.144927384856724,0.0,8.435157674608883,7.880873660799026,0.0,0.0,Araneidae,Plebs,sp. (OTU0517),2337612.0,,Unknown,Female,2017-11-05,Australia,8.0,0.142,0.05,8.65,2.09,1.6,0.13,18.9,5.6,,,,,59.7,5.1,0.41,0.02,,,
267,6965-W1_S21,6965.0,DRR297792,pygmaea,Hypsosinga,Araneidae,8.883625703455717,9.208286065164433,3.176033885530334,8.5802359515936,5.806275743312524,7.306417191321501,0.0,6.019181489761728,7.565025894432488,0.0,0.0,3.626949538492175,0.0,Araneidae,Hypsosinga,pygmaea,336661.0,urn:lsid:nmbe.ch:spidersp:016190,Unknown,Female,2017-12-08,Japan,3.0,0.118,0.019,10.9,4.11,1.45,0.07,18.2,4.4,,,,,46.1,6.7,0.45,0.04,,,
268,7298-W1_S3,7298.0,DRR168614,darwini,Caerostris,Araneidae,9.334932862971822,0.0,0.0,9.19701022793939,0.0,9.427298176136963,0.0,0.0,9.085958365733568,0.0,0.0,0.0,0.0,Araneidae,Caerostris,darwini,1538125.0,urn:lsid:nmbe.ch:spidersp:043500,Unknown,Female,2018-10-25,Madagascar,15.0,0.217,0.084,8.21,1.02,1.15,0.23,30.5,6.2,212.0,275.0,296.0,28.0,38.0,1.6,3.47,0.11,4.8,45.5,3.8
269,7302-W1_S2,7302.0,DRR168615,livida,Nephilingis,Araneidae,13.342276157467632,0.0,0.0,7.9811978704335225,3.334475315516554,9.44004898553539,0.0,0.0,7.550315836106068,0.0,0.0,0.0,0.0,Araneidae,Nephilingis,livida,2511332.0,urn:lsid:nmbe.ch:spidersp:043939,Unknown,Female,2018-10-25,Madagascar,25.0,0.25,0.057,13.1,1.6,1.9,0.2,23.7,2.9,236.0,292.0,309.0,30.0,51.9,6.2,3.96,0.19,4.6,27.2,9.0
270,7303-W1_S15,7303.0,DRR168616,livida,Nephilingis,Araneidae,13.770977223895825,0.0,0.0,9.013238915113666,1.9287076231158362,8.901874531565289,0.0,0.0,7.481298941547565,0.0,0.0,0.0,0.0,Araneidae,Nephilingis,livida,2511332.0,urn:lsid:nmbe.ch:spidersp:043939,Unknown,Female,2018-10-25,Madagascar,25.0,0.181,0.052,8.78,2.15,1.63,0.17,22.5,5.6,223.0,282.0,303.0,33.0,45.4,6.0,3.86,0.2,4.9,,
271,7304-W1_S14,7304.0,DRR168619,livida,Nephilingis,Araneidae,15.230804053496882,0.0,0.0,6.434036017389296,8.067267627743739,7.332824275323737,0.0,0.0,9.050022751164287,0.0,0.0,0.0,0.0,Araneidae,Nephilingis,livida,2511332.0,urn:lsid:nmbe.ch:spidersp:043939,Unknown,Female,2018-10-25,Madagascar,24.0,0.39,0.127,16.9,6.52,2.97,0.17,21.4,6.0,236.0,290.0,307.0,35.0,40.9,11.6,3.37,0.43,5.8,22.1,2.5
272,7305-W1_S12,7305.0,DRR168620,livida,Nephilingis,Araneidae,14.142635959428073,0.0,0.0,9.404471028712331,2.708553658308429,9.347559363458046,0.0,0.0,0.0,0.0,0.0,0.0,0.0,Araneidae,Nephilingis,livida,2511332.0,urn:lsid:nmbe.ch:spidersp:043939,Unknown,Female,2018-10-25,Madagascar,25.0,0.131,0.049,9.93,2.82,1.55,0.16,15.7,4.2,231.0,289.0,307.0,24.0,52.9,3.7,3.51,0.14,5.3,,
273,7306-W1_S13,7306.0,DRR168621,livida,Nephilingis,Araneidae,15.160350660827966,0.0,0.0,9.282418953983138,5.54885580850468,8.074125402978062,0.0,0.0,8.544790603637766,0.0,0.0,0.0,0.0,Araneidae,Nephilingis,livida,2511332.0,urn:lsid:nmbe.ch:spidersp:043939,Unknown,Female,2018-10-25,Madagascar,23.0,0.095,0.032,6.7,0.29,0.53,0.08,25.3,5.1,240.0,290.0,308.0,34.0,50.8,1.9,2.63,0.05,5.6,20.8,4.9
274,7320-W1_S10,7320.0,DRR168629,-,Cyrtophora,Araneidae,6.32906617445069,7.8158992176205295,0.0,8.954891312541479,10.273491412539444,8.486710351239187,0.0,4.589804226967381,0.0,0.0,0.0,0.0,0.0,Araneidae,Cyrtophora,sp. (OTU0410),2511309.0,,Unknown,Female,2018-10-25,Madagascar,8.0,0.303,0.059,9.28,2.01,1.47,0.01,35.6,8.3,,,,33.0,51.8,2.8,1.2,0.03,,,
275,7322-W1_S1,7322.0,DRR168625,-,Cyrtophora,Araneidae,5.282432391343757,8.1620522933554,0.0,8.765792697859963,6.259686590315681,6.154161913255577,0.0,5.581691692668373,0.0,0.0,0.0,0.0,9.908496202859371,Araneidae,Cyrtophora,sp. (OTU0410),2511309.0,,Unknown,Female,2018-10-25,Madagascar,10.0,0.18,0.074,16.1,2.38,1.68,0.1,17.6,6.1,243.0,299.0,319.0,43.0,53.6,4.5,1.73,0.08,4.7,7.8,2.9
276,7324-W1_S11,7324.0,DRR168630,-,Cyrtophora,Araneidae,6.637684285901581,8.248203981354582,0.0,8.381508343392206,5.642246109617393,6.78858131501011,0.0,4.318572092612634,6.814665772931445,0.0,0.0,2.961949240543681,0.0,Araneidae,Cyrtophora,sp. (OTU0410),2511309.0,,Unknown,Female,2018-10-25,Madagascar,10.0,0.165,0.042,16.1,1.7,1.54,0.13,16.9,2.5,239.0,284.0,304.0,42.0,53.8,3.9,1.92,0.08,4.6,6.0,2.3
277,7354-W1_S12,7354.0,DRR168632,-,Gasteracantha,Araneidae,9.044316982294431,8.845065334285103,0.0,9.251167563403575,3.7181248567551637,9.220716891998917,0.0,6.558977937489618,9.560970918439521,0.0,0.0,0.0,0.0,Araneidae,Gasteracantha,sp. (OTU0635),2511311.0,,Unknown,Female,2018-10-25,Madagascar,,0.223,0.058,10.2,1.18,1.3,0.05,26.3,6.8,235.0,284.0,304.0,22.0,42.3,5.4,1.78,0.14,5.8,37.6,4.0
279,7389-W1_S5,7389.0,DRR168643,-,-,Araneidae,6.904449294571213,12.366163795993488,0.0,9.403193148214346,5.440029627759403,7.9782013510180265,5.8125778024026635,2.305416092810839,9.714764107666063,4.481668352326762,4.331219364318292,2.7943098048701978,0.0,Araneidae,Gen.,sp. (OTU0673),2511324.0,,Unknown,Female,2018-10-26,Madagascar,12.0,0.144,0.07,12.9,1.65,1.57,0.25,17.7,5.6,232.0,286.0,305.0,25.0,38.7,2.6,2.25,0.07,6.3,45.0,4.5
280,7392-W1_S21,7392.0,DRR168645,-,-,Araneidae,7.1927890260842124,11.378144346027776,0.0,8.348303248953838,5.256714427864553,6.915485048044023,8.476446497209476,2.759567060478857,7.775215193226758,4.482197116774027,4.075190314155219,2.4721498033112064,0.0,Araneidae,Gen.,sp. (OTU0673),2511324.0,,Unknown,Female,2018-10-26,Madagascar,13.0,0.176,0.035,11.1,1.41,1.64,0.23,21.5,1.1,,,,,40.2,2.7,1.47,0.03,,,
282,7416-W1_S13,7416.0,DRR168635,-,Cyrtophora,Araneidae,6.608138026419525,7.796946095953724,0.0,7.198199455437488,8.945315070830887,9.493645332721158,0.0,7.077033758791689,0.0,0.0,0.0,5.04278352275221,8.272261191707868,Araneidae,Cyrtophora,sp. (OTU0804),2511314.0,,Unknown,Female,2018-10-27,Madagascar,15.0,0.142,0.049,14.0,2.25,1.63,0.05,16.5,6.1,222.0,293.0,317.0,28.0,54.3,2.7,2.49,0.06,3.6,,
283,7421-W1_S15,7421.0,DRR168623,extrusa,Caerostris,Araneidae,8.353578025395336,0.0,0.0,9.024607799322212,7.688424471257994,8.508705945337011,0.0,0.0,0.0,0.0,0.0,0.0,0.0,Araneidae,Caerostris,extrusa,172846.0,urn:lsid:nmbe.ch:spidersp:015477,Unknown,Female,2018-10-27,Madagascar,8.0,0.172,0.076,8.91,1.29,1.31,0.19,23.5,5.5,,,,23.0,45.3,2.1,1.45,0.04,,35.2,11.1
284,7426-W1_S6,7426.0,DRR168628,-,Acrosomoides,Araneidae,7.51721710222124,3.4968739050898665,0.0,8.732984806074473,9.228273970295538,5.8083438596314965,0.0,4.367161356361019,9.745057454714322,9.410103621156104,0.0,0.0,0.0,Araneidae,Acrosomoides,sp. (OTU0988),2511307.0,,Unknown,Female,2018-10-27,Madagascar,6.0,0.146,0.041,9.02,0.88,1.02,0.13,26.1,5.2,,,,25.0,33.6,2.0,2.23,0.04,,39.3,5.3
285,7439-W1_S16,7439.0,DRR168624,darwini,Caerostris,Araneidae,6.577222455011457,8.58587892207118,0.0,9.51352824948683,7.287204461496234,10.611965378699502,0.0,0.0,9.200928022479372,0.0,0.0,0.0,0.0,Araneidae,Caerostris,darwini,1538125.0,urn:lsid:nmbe.ch:spidersp:043500,Unknown,Female,2018-10-29,Madagascar,12.0,0.229,0.033,11.7,1.25,1.46,0.1,25.2,3.4,199.0,268.0,290.0,31.0,42.5,1.2,3.44,0.03,7.1,43.9,4.4
286,7441-W1_S4,7441.0,DRR168617,inaurata,Trichonephila,Araneidae,14.593428925342009,0.0,0.0,9.222002712232854,0.0,9.744583277792866,0.0,0.0,6.273558782014269,0.0,0.0,0.0,0.0,Araneidae,Trichonephila,inaurata,222470.0,urn:lsid:nmbe.ch:spidersp:013953,Unknown,Female,2018-10-29,Madagascar,38.0,0.166,0.022,11.1,2.15,1.35,0.18,21.1,1.3,235.0,285.0,304.0,24.0,47.5,9.7,6.69,0.63,5.8,43.3,3.6
